-- phpMyAdmin SQL Dump
-- version 5.2.0
-- https://www.phpmyadmin.net/
--
-- Host: 127.0.0.1
-- Generation Time: Mar 04, 2023 at 06:01 AM
-- Server version: 10.4.27-MariaDB
-- PHP Version: 8.1.12

SET SQL_MODE = "NO_AUTO_VALUE_ON_ZERO";
START TRANSACTION;
SET time_zone = "+00:00";


/*!40101 SET @OLD_CHARACTER_SET_CLIENT=@@CHARACTER_SET_CLIENT */;
/*!40101 SET @OLD_CHARACTER_SET_RESULTS=@@CHARACTER_SET_RESULTS */;
/*!40101 SET @OLD_COLLATION_CONNECTION=@@COLLATION_CONNECTION */;
/*!40101 SET NAMES utf8mb4 */;

--
-- Database: `bukutamu`
--

-- --------------------------------------------------------

--
-- Table structure for table `events`
--

CREATE TABLE `events` (
  `id` bigint(20) UNSIGNED NOT NULL,
  `name` varchar(255) NOT NULL,
  `pic` varchar(255) NOT NULL,
  `tanggal` date DEFAULT NULL,
  `created_at` timestamp NULL DEFAULT NULL,
  `updated_at` timestamp NULL DEFAULT NULL
) ENGINE=InnoDB DEFAULT CHARSET=utf8mb4 COLLATE=utf8mb4_unicode_ci;

--
-- Dumping data for table `events`
--

INSERT INTO `events` (`id`, `name`, `pic`, `tanggal`, `created_at`, `updated_at`) VALUES
(1, 'PT Nuraini Tbk', 'Maida Nuraini S.Ked', '2011-08-18', '2023-03-03 05:26:18', '2023-03-03 05:26:18'),
(2, 'Fa Hutapea Mulyani (Persero) Tbk', 'Gading Gamanto Nugroho', '1989-10-01', '2023-03-03 05:26:18', '2023-03-03 05:26:18'),
(3, 'PJ Mayasari Handayani', 'Rahayu Ira Pratiwi', '2021-06-01', '2023-03-03 05:26:18', '2023-03-03 05:26:18'),
(4, 'Fa Puspasari Usada', 'Halima Farida', '1980-08-19', '2023-03-03 05:26:18', '2023-03-03 05:26:18'),
(5, 'PT Megantara', 'Padma Uyainah', '2019-07-22', '2023-03-03 05:26:18', '2023-03-03 05:26:18'),
(6, 'Fa Maryati Oktaviani Tbk', 'Dipa Najmudin S.I.Kom', '2001-08-25', '2023-03-03 05:26:18', '2023-03-03 05:26:18'),
(7, 'Perum Sitompul', 'Lulut Wasita', '1983-01-21', '2023-03-03 05:26:18', '2023-03-03 05:26:18'),
(8, 'Yayasan Samosir Megantara', 'Gilda Cici Yuniar', '2008-12-03', '2023-03-03 05:26:18', '2023-03-03 05:26:18'),
(9, 'PD Prasasta Irawan (Persero) Tbk', 'Ulya Halimah', '2015-02-06', '2023-03-03 05:26:18', '2023-03-03 05:26:18'),
(10, 'CV Wasita Maryati', 'Kusuma Tampubolon', '1985-12-28', '2023-03-03 05:26:18', '2023-03-03 05:26:18');

-- --------------------------------------------------------

--
-- Table structure for table `failed_jobs`
--

CREATE TABLE `failed_jobs` (
  `id` bigint(20) UNSIGNED NOT NULL,
  `uuid` varchar(255) NOT NULL,
  `connection` text NOT NULL,
  `queue` text NOT NULL,
  `payload` longtext NOT NULL,
  `exception` longtext NOT NULL,
  `failed_at` timestamp NOT NULL DEFAULT current_timestamp()
) ENGINE=InnoDB DEFAULT CHARSET=utf8mb4 COLLATE=utf8mb4_unicode_ci;

-- --------------------------------------------------------

--
-- Table structure for table `migrations`
--

CREATE TABLE `migrations` (
  `id` int(10) UNSIGNED NOT NULL,
  `migration` varchar(255) NOT NULL,
  `batch` int(11) NOT NULL
) ENGINE=InnoDB DEFAULT CHARSET=utf8mb4 COLLATE=utf8mb4_unicode_ci;

--
-- Dumping data for table `migrations`
--

INSERT INTO `migrations` (`id`, `migration`, `batch`) VALUES
(22, '2014_10_12_000000_create_users_table', 1),
(23, '2014_10_12_100000_create_password_resets_table', 1),
(24, '2019_08_19_000000_create_failed_jobs_table', 1),
(25, '2019_12_14_000001_create_personal_access_tokens_table', 1),
(26, '2023_02_28_080246_create_roles_table', 1),
(27, '2023_02_28_080608_add_role_id_column_to_users_table', 1),
(31, '2023_02_28_093044_create_tamus_table', 2),
(32, '2023_02_28_171849_create_events_table', 2),
(33, '2023_02_28_172040_add_event_id_column_to_tamus_table', 2),
(35, '2023_03_01_051038_add_pic_column_to_events_table', 3),
(37, '2023_03_01_051956_add_tanggal_column_to_events_table', 4),
(38, '2023_03_03_021526_change__attribute_column_to_tamus_table', 5);

-- --------------------------------------------------------

--
-- Table structure for table `password_resets`
--

CREATE TABLE `password_resets` (
  `email` varchar(255) NOT NULL,
  `token` varchar(255) NOT NULL,
  `created_at` timestamp NULL DEFAULT NULL
) ENGINE=InnoDB DEFAULT CHARSET=utf8mb4 COLLATE=utf8mb4_unicode_ci;

-- --------------------------------------------------------

--
-- Table structure for table `personal_access_tokens`
--

CREATE TABLE `personal_access_tokens` (
  `id` bigint(20) UNSIGNED NOT NULL,
  `tokenable_type` varchar(255) NOT NULL,
  `tokenable_id` bigint(20) UNSIGNED NOT NULL,
  `name` varchar(255) NOT NULL,
  `token` varchar(64) NOT NULL,
  `abilities` text DEFAULT NULL,
  `last_used_at` timestamp NULL DEFAULT NULL,
  `expires_at` timestamp NULL DEFAULT NULL,
  `created_at` timestamp NULL DEFAULT NULL,
  `updated_at` timestamp NULL DEFAULT NULL
) ENGINE=InnoDB DEFAULT CHARSET=utf8mb4 COLLATE=utf8mb4_unicode_ci;

-- --------------------------------------------------------

--
-- Table structure for table `roles`
--

CREATE TABLE `roles` (
  `id` bigint(20) UNSIGNED NOT NULL,
  `name` varchar(50) NOT NULL,
  `created_at` timestamp NULL DEFAULT NULL,
  `updated_at` timestamp NULL DEFAULT NULL
) ENGINE=InnoDB DEFAULT CHARSET=utf8mb4 COLLATE=utf8mb4_unicode_ci;

--
-- Dumping data for table `roles`
--

INSERT INTO `roles` (`id`, `name`, `created_at`, `updated_at`) VALUES
(1, 'admin', NULL, NULL);

-- --------------------------------------------------------

--
-- Table structure for table `tamus`
--

CREATE TABLE `tamus` (
  `id` bigint(20) UNSIGNED NOT NULL,
  `nama_lengkap` varchar(255) NOT NULL,
  `alamat` varchar(255) NOT NULL,
  `no_hp` varchar(255) NOT NULL,
  `event_id` bigint(20) UNSIGNED NOT NULL,
  `tanggal` date NOT NULL,
  `waktu` time NOT NULL,
  `created_at` timestamp NULL DEFAULT NULL,
  `updated_at` timestamp NULL DEFAULT NULL
) ENGINE=InnoDB DEFAULT CHARSET=utf8mb4 COLLATE=utf8mb4_unicode_ci;

--
-- Dumping data for table `tamus`
--

INSERT INTO `tamus` (`id`, `nama_lengkap`, `alamat`, `no_hp`, `event_id`, `tanggal`, `waktu`, `created_at`, `updated_at`) VALUES
(1, 'Opung Hidayanto', 'Nusa Tenggara Barat', '(+62) 841 7596 6936', 3, '2009-11-15', '22:43:31', '2023-03-03 05:29:53', '2023-03-03 05:29:53'),
(2, 'Wawan Utama', 'Riau', '(+62) 992 9505 539', 5, '1992-03-15', '17:04:13', '2023-03-03 05:29:53', '2023-03-03 05:29:53'),
(3, 'Usyi Kuswandari', 'Sumatera Barat', '0858 9145 506', 9, '2002-04-09', '09:40:50', '2023-03-03 05:29:53', '2023-03-03 05:29:53'),
(4, 'Martani Damanik S.Kom', 'Nusa Tenggara Timur', '(+62) 677 5307 7007', 1, '1980-12-08', '23:45:37', '2023-03-03 05:29:53', '2023-03-03 05:29:53'),
(5, 'Diah Haryanti', 'Papua', '027 0235 650', 8, '2012-02-11', '18:37:33', '2023-03-03 05:29:53', '2023-03-03 05:29:53'),
(6, 'Ami Zulaika', 'Jawa Timur', '026 7871 255', 8, '2018-12-11', '15:17:40', '2023-03-03 05:29:53', '2023-03-03 05:29:53'),
(7, 'Padma Rahimah', 'Kalimantan Tengah', '(+62) 846 3417 148', 5, '2012-01-29', '01:16:38', '2023-03-03 05:29:53', '2023-03-03 05:29:53'),
(8, 'Digdaya Rajata', 'Bengkulu', '(+62) 29 1194 0176', 7, '2006-04-14', '17:16:17', '2023-03-03 05:29:53', '2023-03-03 05:29:53'),
(9, 'Danang Narpati M.Kom.', 'Sumatera Selatan', '0858 332 784', 9, '1984-08-23', '18:06:43', '2023-03-03 05:29:53', '2023-03-03 05:29:53'),
(10, 'Pardi Budiman', 'Banten', '(+62) 251 0719 074', 1, '1998-04-08', '14:21:49', '2023-03-03 05:29:53', '2023-03-03 05:29:53'),
(11, 'Gandi Januar M.M.', 'Papua Barat', '0355 9428 233', 4, '2011-08-21', '07:33:00', '2023-03-03 05:29:53', '2023-03-03 05:29:53'),
(12, 'Cinta Agustina', 'Bali', '0226 7303 1410', 9, '2018-08-25', '03:03:42', '2023-03-03 05:29:53', '2023-03-03 05:29:53'),
(13, 'Rangga Rendy Mustofa M.Kom.', 'Sumatera Selatan', '0849 3922 603', 4, '1997-10-14', '22:16:34', '2023-03-03 05:29:53', '2023-03-03 05:29:53'),
(14, 'Ami Unjani Wahyuni S.Sos', 'Kepulauan Riau', '(+62) 935 1055 047', 1, '1998-02-24', '22:46:49', '2023-03-03 05:29:53', '2023-03-03 05:29:53'),
(15, 'Enteng Mansur', 'DI Yogyakarta', '0717 9809 5398', 1, '1995-09-07', '05:58:56', '2023-03-03 05:29:53', '2023-03-03 05:29:53'),
(16, 'Indra Kurniawan', 'Kepulauan Bangka Belitung', '(+62) 28 6410 582', 4, '1991-04-10', '11:42:03', '2023-03-03 05:29:53', '2023-03-03 05:29:53'),
(17, 'Ellis Rahmawati', 'Jawa Barat', '0714 0682 225', 1, '2011-10-17', '07:39:01', '2023-03-03 05:29:53', '2023-03-03 05:29:53'),
(18, 'Restu Susanti S.Kom', 'Kalimantan Utara', '(+62) 581 0686 7441', 10, '1996-06-04', '15:17:18', '2023-03-03 05:29:53', '2023-03-03 05:29:53'),
(19, 'Rahmi Uyainah', 'Gorontalo', '(+62) 634 5991 9999', 7, '1984-10-18', '11:26:51', '2023-03-03 05:29:53', '2023-03-03 05:29:53'),
(20, 'Ami Vanya Suartini M.TI.', 'Kepulauan Bangka Belitung', '(+62) 968 9876 865', 1, '2008-05-05', '21:16:39', '2023-03-03 05:29:53', '2023-03-03 05:29:53'),
(21, 'Balapati Prabowo', 'Bali', '(+62) 655 8470 9439', 10, '2015-12-28', '10:30:35', '2023-03-03 05:29:53', '2023-03-03 05:29:53'),
(22, 'Edi Bancar Uwais S.Pd', 'Sumatera Selatan', '(+62) 230 9774 816', 5, '1992-05-15', '12:36:17', '2023-03-03 05:29:53', '2023-03-03 05:29:53'),
(23, 'Wulan Handayani', 'Sumatera Barat', '0666 7983 397', 1, '2001-12-27', '23:31:44', '2023-03-03 05:29:53', '2023-03-03 05:29:53'),
(24, 'Panca Jamal Budiman', 'Sulawesi Barat', '0682 5921 449', 7, '2014-07-13', '17:58:28', '2023-03-03 05:29:53', '2023-03-03 05:29:53'),
(25, 'Danuja Nashiruddin S.Gz', 'Nusa Tenggara Barat', '0774 9800 031', 7, '2022-11-05', '06:47:41', '2023-03-03 05:29:53', '2023-03-03 05:29:53'),
(26, 'Shakila Gina Lestari M.TI.', 'Maluku', '0698 3905 440', 9, '1987-05-30', '10:47:39', '2023-03-03 05:29:53', '2023-03-03 05:29:53'),
(27, 'Kalim Hidayat', 'Kepulauan Bangka Belitung', '0648 0140 598', 5, '1991-03-27', '13:03:05', '2023-03-03 05:29:53', '2023-03-03 05:29:53'),
(28, 'Hartana Thamrin', 'Gorontalo', '0536 2607 6127', 10, '2017-10-29', '18:51:40', '2023-03-03 05:29:53', '2023-03-03 05:29:53'),
(29, 'Ani Hartati', 'Bengkulu', '(+62) 822 029 437', 7, '1983-04-04', '18:49:34', '2023-03-03 05:29:53', '2023-03-03 05:29:53'),
(30, 'Gilda Ana Anggraini', 'Jawa Timur', '0410 5539 9643', 3, '1977-12-02', '02:42:18', '2023-03-03 05:29:53', '2023-03-03 05:29:53'),
(31, 'Ophelia Hasanah', 'Papua', '0204 9554 925', 5, '1981-05-05', '11:51:46', '2023-03-03 05:29:53', '2023-03-03 05:29:53'),
(32, 'Maida Kamaria Usamah', 'Sumatera Barat', '(+62) 685 9678 4575', 6, '2022-11-18', '21:08:05', '2023-03-03 05:29:53', '2023-03-03 05:29:53'),
(33, 'Gading Mangunsong', 'Kalimantan Tengah', '(+62) 504 3175 3667', 9, '1998-10-03', '13:36:15', '2023-03-03 05:29:53', '2023-03-03 05:29:53'),
(34, 'Bella Handayani', 'Kalimantan Selatan', '(+62) 389 9025 3924', 5, '1994-06-19', '00:32:21', '2023-03-03 05:29:53', '2023-03-03 05:29:53'),
(35, 'Julia Farah Kuswandari S.Pd', 'Kalimantan Timur', '(+62) 980 9863 799', 6, '1999-08-02', '03:19:03', '2023-03-03 05:29:53', '2023-03-03 05:29:53'),
(36, 'Ayu Zaenab Puspasari', 'Banten', '(+62) 26 4641 0513', 5, '1998-06-05', '01:23:05', '2023-03-03 05:29:53', '2023-03-03 05:29:53'),
(37, 'Salsabila Wulan Nurdiyanti', 'Sulawesi Barat', '(+62) 613 7487 0418', 6, '1997-10-08', '10:12:52', '2023-03-03 05:29:53', '2023-03-03 05:29:53'),
(38, 'Lalita Astuti', 'Kalimantan Selatan', '(+62) 863 758 553', 5, '1987-03-06', '12:17:55', '2023-03-03 05:29:53', '2023-03-03 05:29:53'),
(39, 'Keisha Widiastuti', 'Kepulauan Riau', '(+62) 472 7319 959', 10, '2007-07-27', '21:08:15', '2023-03-03 05:29:53', '2023-03-03 05:29:53'),
(40, 'Usyi Melani', 'Nusa Tenggara Barat', '(+62) 713 4205 221', 6, '2008-07-07', '07:03:40', '2023-03-03 05:29:53', '2023-03-03 05:29:53'),
(41, 'Kayun Widodo S.IP', 'Maluku', '0790 0666 0031', 5, '2006-06-02', '03:44:42', '2023-03-03 05:29:53', '2023-03-03 05:29:53'),
(42, 'Viktor Iswahyudi', 'Kalimantan Timur', '(+62) 704 9837 5045', 1, '2019-12-22', '13:01:33', '2023-03-03 05:29:53', '2023-03-03 05:29:53'),
(43, 'Dian Zizi Astuti M.Kom.', 'Kepulauan Riau', '0675 3493 8266', 5, '2014-07-07', '23:31:40', '2023-03-03 05:29:53', '2023-03-03 05:29:53'),
(44, 'Uda Habibi', 'Riau', '0735 4539 3327', 6, '2018-12-05', '03:06:57', '2023-03-03 05:29:53', '2023-03-03 05:29:53'),
(45, 'Melinda Rahmawati', 'Sumatera Utara', '(+62) 386 4529 5438', 6, '2015-04-22', '02:42:41', '2023-03-03 05:29:53', '2023-03-03 05:29:53'),
(46, 'Malika Puspita M.TI.', 'Nusa Tenggara Barat', '0486 3693 602', 3, '1993-03-06', '15:25:20', '2023-03-03 05:29:53', '2023-03-03 05:29:53'),
(47, 'Mumpuni Santoso', 'Kalimantan Timur', '0572 1158 6921', 8, '2015-10-10', '14:50:16', '2023-03-03 05:29:53', '2023-03-03 05:29:53'),
(48, 'Cindy Puput Winarsih', 'Nusa Tenggara Barat', '(+62) 979 0058 967', 1, '1980-05-11', '13:52:32', '2023-03-03 05:29:53', '2023-03-03 05:29:53'),
(49, 'Ilsa Agnes Mulyani', 'Sulawesi Utara', '(+62) 373 6297 5008', 3, '1999-01-29', '10:30:35', '2023-03-03 05:29:53', '2023-03-03 05:29:53'),
(50, 'Gandi Galak Simbolon S.Sos', 'Kalimantan Timur', '(+62) 966 6784 624', 7, '1988-06-10', '08:10:22', '2023-03-03 05:29:53', '2023-03-03 05:29:53'),
(51, 'Syahrini Novitasari', 'Sulawesi Selatan', '(+62) 761 2855 4990', 7, '1987-12-03', '02:45:08', '2023-03-03 05:29:53', '2023-03-03 05:29:53'),
(52, 'Ratna Umi Pratiwi S.IP', 'Sulawesi Tengah', '0830 173 457', 2, '1980-07-25', '14:17:46', '2023-03-03 05:29:53', '2023-03-03 05:29:53'),
(53, 'Martani Upik Mangunsong S.I.Kom', 'Jawa Timur', '(+62) 21 8086 326', 4, '1972-09-19', '07:51:57', '2023-03-03 05:29:53', '2023-03-03 05:29:53'),
(54, 'Johan Uwais S.Gz', 'Gorontalo', '(+62) 576 4564 455', 10, '1989-06-16', '00:53:13', '2023-03-03 05:29:53', '2023-03-03 05:29:53'),
(55, 'Bagiya Putra', 'Jambi', '0231 8173 4879', 5, '1992-08-11', '08:54:44', '2023-03-03 05:29:53', '2023-03-03 05:29:53'),
(56, 'Hasim Marbun', 'Maluku', '(+62) 438 7381 2435', 2, '2008-09-16', '04:05:38', '2023-03-03 05:29:53', '2023-03-03 05:29:53'),
(57, 'Prayogo Haryanto S.Kom', 'Maluku Utara', '(+62) 21 1582 3218', 5, '2020-10-12', '12:28:46', '2023-03-03 05:29:53', '2023-03-03 05:29:53'),
(58, 'Julia Lailasari', 'Sulawesi Utara', '(+62) 594 8512 181', 1, '2000-03-04', '04:38:51', '2023-03-03 05:29:53', '2023-03-03 05:29:53'),
(59, 'Pardi Mansur', 'Sulawesi Tengah', '(+62) 848 2583 720', 9, '2020-08-06', '11:03:10', '2023-03-03 05:29:53', '2023-03-03 05:29:53'),
(60, 'Zalindra Farida', 'Sumatera Barat', '0881 6990 6784', 10, '1977-12-12', '03:38:15', '2023-03-03 05:29:53', '2023-03-03 05:29:53'),
(61, 'Michelle Astuti', 'Maluku', '0926 1670 8052', 3, '2001-01-05', '07:45:32', '2023-03-03 05:29:53', '2023-03-03 05:29:53'),
(62, 'Harjaya Firmansyah S.Pd', 'Sumatera Selatan', '0852 7091 8697', 3, '2003-02-25', '19:33:35', '2023-03-03 05:29:53', '2023-03-03 05:29:53'),
(63, 'Budi Lurhur Prasetyo', 'Kalimantan Barat', '0739 7604 7203', 4, '2007-06-22', '04:32:06', '2023-03-03 05:29:53', '2023-03-03 05:29:53'),
(64, 'Faizah Raina Pudjiastuti', 'Sulawesi Barat', '0745 6919 157', 6, '2008-11-24', '17:52:26', '2023-03-03 05:29:53', '2023-03-03 05:29:53'),
(65, 'Zahra Yuliana Prastuti S.Ked', 'Sulawesi Tenggara', '(+62) 805 962 118', 5, '1997-05-05', '06:07:44', '2023-03-03 05:29:53', '2023-03-03 05:29:53'),
(66, 'Titin Pudjiastuti', 'Sulawesi Utara', '(+62) 498 4270 0681', 10, '2016-03-22', '17:11:11', '2023-03-03 05:29:53', '2023-03-03 05:29:53'),
(67, 'Jaka Wawan Halim M.Farm', 'Gorontalo', '(+62) 784 1423 792', 5, '2020-08-09', '06:11:14', '2023-03-03 05:29:53', '2023-03-03 05:29:53'),
(68, 'Lintang Yulianti', 'Nusa Tenggara Barat', '(+62) 526 7900 550', 6, '1973-02-14', '16:08:53', '2023-03-03 05:29:53', '2023-03-03 05:29:53'),
(69, 'Victoria Lidya Handayani M.Ak', 'Kalimantan Utara', '0481 0721 548', 10, '1976-12-08', '05:40:41', '2023-03-03 05:29:53', '2023-03-03 05:29:53'),
(70, 'Gandi Gaduh Gunawan', 'Papua Barat', '(+62) 423 0766 142', 3, '2021-03-22', '15:39:44', '2023-03-03 05:29:53', '2023-03-03 05:29:53'),
(71, 'Dimas Emas Nashiruddin S.Gz', 'Lampung', '0415 0017 180', 4, '1990-03-12', '07:20:35', '2023-03-03 05:29:53', '2023-03-03 05:29:53'),
(72, 'Malik Prabu Prakasa M.Pd', 'DI Yogyakarta', '0368 4443 566', 1, '1985-12-30', '21:27:40', '2023-03-03 05:29:53', '2023-03-03 05:29:53'),
(73, 'Omar Martaka Sitorus S.Pd', 'Banten', '(+62) 767 8712 9403', 4, '2005-01-26', '00:44:02', '2023-03-03 05:29:53', '2023-03-03 05:29:53'),
(74, 'Asman Bagas Pranowo', 'Bengkulu', '(+62) 24 0636 5729', 8, '1974-08-22', '18:38:50', '2023-03-03 05:29:53', '2023-03-03 05:29:53'),
(75, 'Oliva Farida M.Ak', 'Maluku Utara', '(+62) 20 4827 829', 7, '1974-08-07', '11:30:10', '2023-03-03 05:29:53', '2023-03-03 05:29:53'),
(76, 'Gamblang Tamba', 'Aceh', '023 3447 7342', 1, '2013-06-13', '08:25:12', '2023-03-03 05:29:53', '2023-03-03 05:29:53'),
(77, 'Cinta Purwanti S.IP', 'Papua Barat', '(+62) 503 3318 260', 2, '1984-03-16', '01:56:32', '2023-03-03 05:29:53', '2023-03-03 05:29:53'),
(78, 'Vivi Zelda Riyanti', 'DKI Jakarta', '0384 0212 419', 10, '2019-11-29', '05:30:24', '2023-03-03 05:29:53', '2023-03-03 05:29:53'),
(79, 'Titi Laksmiwati', 'Banten', '0747 6428 040', 6, '2007-08-08', '21:23:31', '2023-03-03 05:29:53', '2023-03-03 05:29:53'),
(80, 'Lanang Sitorus S.E.', 'Sulawesi Tengah', '(+62) 673 3363 6401', 7, '1986-05-09', '09:20:24', '2023-03-03 05:29:53', '2023-03-03 05:29:53'),
(81, 'Pia Ulva Pudjiastuti S.E.I', 'Kalimantan Timur', '0874 3039 1889', 6, '2001-01-04', '12:43:55', '2023-03-03 05:29:53', '2023-03-03 05:29:53'),
(82, 'Ida Hilda Namaga', 'Jawa Timur', '0213 5363 4500', 2, '1996-08-08', '12:55:38', '2023-03-03 05:29:53', '2023-03-03 05:29:53'),
(83, 'Kacung Yoga Wahyudin', 'Maluku Utara', '(+62) 743 7086 0321', 5, '1971-07-10', '22:52:17', '2023-03-03 05:29:53', '2023-03-03 05:29:53'),
(84, 'Kasusra Najmudin', 'Papua', '0853 2949 9484', 1, '2017-01-27', '16:28:26', '2023-03-03 05:29:53', '2023-03-03 05:29:53'),
(85, 'Kambali Gunarto', 'Kalimantan Utara', '0997 9945 999', 2, '1983-05-01', '10:43:37', '2023-03-03 05:29:53', '2023-03-03 05:29:53'),
(86, 'Cakrajiya Darsirah Budiyanto M.Ak', 'Sulawesi Tengah', '0382 5639 401', 6, '1972-06-05', '12:15:55', '2023-03-03 05:29:54', '2023-03-03 05:29:54'),
(87, 'Paris Susanti', 'Riau', '0981 5840 695', 7, '1977-08-04', '16:28:00', '2023-03-03 05:29:54', '2023-03-03 05:29:54'),
(88, 'Kiandra Winda Wijayanti', 'Sulawesi Tenggara', '0613 7172 7992', 3, '1971-10-07', '12:45:22', '2023-03-03 05:29:54', '2023-03-03 05:29:54'),
(89, 'Juli Suryatmi', 'DKI Jakarta', '0734 5786 804', 8, '1986-06-14', '11:54:58', '2023-03-03 05:29:54', '2023-03-03 05:29:54'),
(90, 'Dewi Hastuti S.T.', 'Banten', '(+62) 362 5641 9822', 1, '1983-09-05', '10:18:34', '2023-03-03 05:29:54', '2023-03-03 05:29:54'),
(91, 'Nova Laksita S.Pt', 'Kalimantan Selatan', '(+62) 805 7726 5229', 3, '2015-01-07', '17:56:47', '2023-03-03 05:29:54', '2023-03-03 05:29:54'),
(92, 'Nova Dewi Mardhiyah S.Pd', 'Gorontalo', '0515 2669 4210', 10, '2003-01-01', '12:53:23', '2023-03-03 05:29:54', '2023-03-03 05:29:54'),
(93, 'Silvia Tantri Handayani S.T.', 'Aceh', '0471 2653 6155', 4, '1977-09-25', '01:35:44', '2023-03-03 05:29:54', '2023-03-03 05:29:54'),
(94, 'Zahra Uyainah', 'Jambi', '0944 8802 529', 9, '2007-05-25', '04:55:07', '2023-03-03 05:29:54', '2023-03-03 05:29:54'),
(95, 'Daryani Megantara', 'Aceh', '(+62) 593 6313 1209', 7, '1971-05-03', '13:47:42', '2023-03-03 05:29:54', '2023-03-03 05:29:54'),
(96, 'Asmadi Sihombing', 'Sulawesi Utara', '0631 3359 509', 5, '1995-06-21', '09:51:27', '2023-03-03 05:29:54', '2023-03-03 05:29:54'),
(97, 'Yessi Cici Mulyani S.Sos', 'Sulawesi Utara', '(+62) 660 6953 4666', 3, '2014-10-07', '08:25:20', '2023-03-03 05:29:54', '2023-03-03 05:29:54'),
(98, 'Vega Dongoran S.H.', 'Lampung', '0786 2333 3126', 1, '1973-03-29', '03:06:40', '2023-03-03 05:29:54', '2023-03-03 05:29:54'),
(99, 'Jindra Harjasa Situmorang S.Gz', 'Sumatera Selatan', '(+62) 408 1203 7322', 8, '1999-06-24', '06:26:44', '2023-03-03 05:29:54', '2023-03-03 05:29:54'),
(100, 'Icha Amelia Nasyidah', 'Jawa Barat', '0757 8103 604', 1, '1992-02-12', '02:57:34', '2023-03-03 05:29:54', '2023-03-03 05:29:54'),
(101, 'Oni Gawati Suartini M.TI.', 'Gorontalo', '0804 5962 9974', 2, '1998-10-29', '19:23:20', '2023-03-03 05:29:54', '2023-03-03 05:29:54'),
(102, 'Zahra Yuliarti', 'Sulawesi Utara', '(+62) 672 1995 4939', 5, '1990-12-12', '02:38:18', '2023-03-03 05:29:54', '2023-03-03 05:29:54'),
(103, 'Febi Sari Palastri', 'Sulawesi Barat', '(+62) 22 4166 8163', 2, '2012-08-13', '23:58:29', '2023-03-03 05:29:54', '2023-03-03 05:29:54'),
(104, 'Rini Puspita S.I.Kom', 'Maluku', '0771 8815 704', 10, '2021-07-09', '09:16:03', '2023-03-03 05:29:54', '2023-03-03 05:29:54'),
(105, 'Wirda Anggraini S.H.', 'Kalimantan Barat', '0584 5740 870', 8, '1979-01-16', '18:33:42', '2023-03-03 05:29:54', '2023-03-03 05:29:54'),
(106, 'Malik Marbun', 'Sulawesi Utara', '0969 6051 463', 2, '2018-12-26', '01:50:31', '2023-03-03 05:29:54', '2023-03-03 05:29:54'),
(107, 'Kani Puspasari S.E.I', 'Jambi', '(+62) 863 0695 465', 2, '1996-05-30', '16:50:46', '2023-03-03 05:29:54', '2023-03-03 05:29:54'),
(108, 'Wardi Kurniawan', 'Sulawesi Barat', '0972 6208 705', 4, '1980-01-11', '06:15:37', '2023-03-03 05:29:54', '2023-03-03 05:29:54'),
(109, 'Cengkir Maryadi', 'Sumatera Selatan', '(+62) 542 1751 158', 7, '2020-01-31', '15:54:54', '2023-03-03 05:29:54', '2023-03-03 05:29:54'),
(110, 'Jelita Pudjiastuti M.Kom.', 'DI Yogyakarta', '(+62) 320 6361 752', 2, '1990-06-29', '05:29:29', '2023-03-03 05:29:54', '2023-03-03 05:29:54'),
(111, 'Lukita Tarihoran', 'Sumatera Selatan', '(+62) 28 2996 373', 1, '2003-09-14', '18:00:28', '2023-03-03 05:29:54', '2023-03-03 05:29:54'),
(112, 'Paulin Hasanah S.Ked', 'Maluku Utara', '(+62) 522 6312 956', 1, '1993-10-21', '15:08:32', '2023-03-03 05:29:54', '2023-03-03 05:29:54'),
(113, 'Uchita Samiah Nuraini S.T.', 'Bengkulu', '(+62) 29 3595 598', 2, '1977-10-30', '17:24:55', '2023-03-03 05:29:54', '2023-03-03 05:29:54'),
(114, 'Omar Thamrin', 'Bali', '021 2403 7883', 10, '1997-12-04', '00:41:13', '2023-03-03 05:29:54', '2023-03-03 05:29:54'),
(115, 'Karja Waskita', 'Gorontalo', '(+62) 377 4378 7569', 7, '2002-01-10', '22:53:30', '2023-03-03 05:29:54', '2023-03-03 05:29:54'),
(116, 'Balangga Mariadi Tarihoran S.Ked', 'Jambi', '024 5237 6703', 6, '1970-05-15', '19:10:12', '2023-03-03 05:29:54', '2023-03-03 05:29:54'),
(117, 'Prima Saptono', 'Kalimantan Selatan', '(+62) 399 1811 5884', 8, '1989-08-08', '11:26:01', '2023-03-03 05:29:54', '2023-03-03 05:29:54'),
(118, 'Farhunnisa Palastri', 'Sumatera Selatan', '(+62) 29 1534 071', 7, '2004-07-17', '02:51:32', '2023-03-03 05:29:54', '2023-03-03 05:29:54'),
(119, 'Mala Hariyah', 'DI Yogyakarta', '0816 6855 963', 8, '2015-10-02', '05:57:29', '2023-03-03 05:29:54', '2023-03-03 05:29:54'),
(120, 'Tasnim Kuncara Saputra S.E.I', 'Nusa Tenggara Barat', '(+62) 21 6387 955', 10, '1970-09-16', '08:56:15', '2023-03-03 05:29:54', '2023-03-03 05:29:54'),
(121, 'Maya Tania Agustina', 'Papua Barat', '(+62) 709 3958 2617', 4, '2000-07-21', '12:28:54', '2023-03-03 05:29:54', '2023-03-03 05:29:54'),
(122, 'Hasan Tamba', 'Aceh', '0268 8900 4772', 5, '1973-07-23', '21:42:50', '2023-03-03 05:29:54', '2023-03-03 05:29:54'),
(123, 'Pranata Yusuf Simbolon', 'Kalimantan Selatan', '0234 8136 1898', 6, '1974-12-20', '19:55:54', '2023-03-03 05:29:54', '2023-03-03 05:29:54'),
(124, 'Aurora Purwanti', 'Riau', '0839 372 720', 10, '1977-04-01', '10:06:08', '2023-03-03 05:29:54', '2023-03-03 05:29:54'),
(125, 'Salimah Hartati', 'Sulawesi Barat', '020 9855 748', 9, '2009-08-06', '05:00:49', '2023-03-03 05:29:54', '2023-03-03 05:29:54'),
(126, 'Adika Wacana', 'Sulawesi Tengah', '0789 7278 4848', 6, '2009-01-06', '00:39:40', '2023-03-03 05:29:54', '2023-03-03 05:29:54'),
(127, 'Kasim Rajasa S.I.Kom', 'Jawa Barat', '(+62) 997 7187 2844', 1, '2003-08-28', '08:47:07', '2023-03-03 05:29:54', '2023-03-03 05:29:54'),
(128, 'Danuja Prasasta', 'Sulawesi Utara', '(+62) 291 9468 2000', 7, '2021-08-24', '00:25:34', '2023-03-03 05:29:54', '2023-03-03 05:29:54'),
(129, 'Kasiyah Permata', 'Sulawesi Selatan', '0962 9153 400', 8, '2000-01-25', '18:25:43', '2023-03-03 05:29:54', '2023-03-03 05:29:54'),
(130, 'Kasusra Nababan', 'Sumatera Selatan', '(+62) 952 7279 485', 9, '2021-11-26', '00:16:19', '2023-03-03 05:29:54', '2023-03-03 05:29:54'),
(131, 'Caturangga Tarihoran', 'Papua Barat', '(+62) 661 3218 839', 10, '1981-06-12', '10:42:01', '2023-03-03 05:29:54', '2023-03-03 05:29:54'),
(132, 'Harjo Simanjuntak', 'Kalimantan Selatan', '(+62) 801 1993 0111', 2, '2008-10-13', '08:39:25', '2023-03-03 05:29:54', '2023-03-03 05:29:54'),
(133, 'Kacung Rahmat Suryono M.TI.', 'Jawa Timur', '(+62) 311 5093 8337', 5, '1971-04-29', '05:34:15', '2023-03-03 05:29:54', '2023-03-03 05:29:54'),
(134, 'Ika Nasyidah', 'Kalimantan Timur', '0888 740 185', 3, '1984-10-02', '19:41:39', '2023-03-03 05:29:54', '2023-03-03 05:29:54'),
(135, 'Keisha Wijayanti', 'Sulawesi Tengah', '021 0335 801', 2, '1978-04-16', '02:03:59', '2023-03-03 05:29:54', '2023-03-03 05:29:54'),
(136, 'Lega Teddy Kurniawan', 'Kalimantan Tengah', '(+62) 529 1585 0580', 5, '2006-08-27', '08:18:21', '2023-03-03 05:29:54', '2023-03-03 05:29:54'),
(137, 'Yulia Oktaviani S.Ked', 'Sulawesi Barat', '0551 6525 9881', 9, '2018-06-10', '02:58:49', '2023-03-03 05:29:54', '2023-03-03 05:29:54'),
(138, 'Winda Alika Nasyidah', 'Aceh', '0387 0632 7828', 3, '2018-10-03', '11:20:43', '2023-03-03 05:29:54', '2023-03-03 05:29:54'),
(139, 'Intan Rahimah', 'Jawa Tengah', '(+62) 425 7857 3704', 5, '1983-04-08', '00:44:09', '2023-03-03 05:29:54', '2023-03-03 05:29:54'),
(140, 'Parman Jagapati Megantara', 'Kepulauan Bangka Belitung', '(+62) 505 0142 110', 1, '1985-08-15', '00:10:05', '2023-03-03 05:29:54', '2023-03-03 05:29:54'),
(141, 'Siska Andriani', 'Banten', '0904 1490 670', 6, '1979-03-30', '15:37:54', '2023-03-03 05:29:54', '2023-03-03 05:29:54'),
(142, 'Naradi Mustofa', 'Sumatera Utara', '(+62) 871 2397 661', 10, '1987-10-03', '14:44:04', '2023-03-03 05:29:54', '2023-03-03 05:29:54'),
(143, 'Elon Waskita', 'Jawa Barat', '021 9280 393', 3, '1978-03-31', '06:48:29', '2023-03-03 05:29:54', '2023-03-03 05:29:54'),
(144, 'Prima Bakiman Mandala', 'Bali', '0347 2902 597', 4, '1991-04-08', '07:46:58', '2023-03-03 05:29:54', '2023-03-03 05:29:54'),
(145, 'Harsaya Kala Thamrin S.Psi', 'Jawa Barat', '(+62) 929 1358 4675', 10, '1998-01-18', '06:18:47', '2023-03-03 05:29:54', '2023-03-03 05:29:54'),
(146, 'Ian Firgantoro', 'Kepulauan Riau', '0379 1156 193', 6, '1992-07-17', '01:09:48', '2023-03-03 05:29:54', '2023-03-03 05:29:54'),
(147, 'Ika Mayasari', 'Sumatera Selatan', '(+62) 511 3952 843', 5, '2018-05-24', '08:12:49', '2023-03-03 05:29:54', '2023-03-03 05:29:54'),
(148, 'Ratna Ratna Rahayu', 'Aceh', '(+62) 882 3019 4271', 2, '2012-07-18', '00:28:28', '2023-03-03 05:29:54', '2023-03-03 05:29:54'),
(149, 'Clara Widya Andriani S.Farm', 'Kalimantan Tengah', '028 1310 055', 10, '2023-01-10', '15:57:42', '2023-03-03 05:29:54', '2023-03-03 05:29:54'),
(150, 'Among Jumadi Wahyudin S.Sos', 'Jawa Barat', '(+62) 739 2196 9677', 9, '2013-12-08', '03:25:31', '2023-03-03 05:29:54', '2023-03-03 05:29:54'),
(151, 'Enteng Labuh Siregar', 'Riau', '(+62) 977 3059 415', 1, '1970-01-10', '21:51:44', '2023-03-03 05:29:54', '2023-03-03 05:29:54'),
(152, 'Akarsana Winarno S.I.Kom', 'Bengkulu', '0723 9348 065', 6, '1989-05-28', '07:02:16', '2023-03-03 05:29:54', '2023-03-03 05:29:54'),
(153, 'Shania Novitasari', 'Bali', '0761 5675 239', 5, '1976-06-07', '11:21:42', '2023-03-03 05:29:54', '2023-03-03 05:29:54'),
(154, 'Prabu Permadi', 'Bali', '(+62) 556 2697 6054', 6, '2001-07-12', '23:52:52', '2023-03-03 05:29:54', '2023-03-03 05:29:54'),
(155, 'Balijan Mustofa', 'Gorontalo', '(+62) 282 2858 3637', 5, '1970-10-15', '22:49:37', '2023-03-03 05:29:54', '2023-03-03 05:29:54'),
(156, 'Purwadi Rajata', 'Kalimantan Timur', '0850 636 888', 4, '1984-01-01', '16:02:11', '2023-03-03 05:29:54', '2023-03-03 05:29:54'),
(157, 'Adikara Gandi Rajata M.Kom.', 'Sulawesi Selatan', '(+62) 947 8354 1839', 3, '2016-06-15', '07:18:25', '2023-03-03 05:29:54', '2023-03-03 05:29:54'),
(158, 'Gantar Prayogo Saefullah M.M.', 'Nusa Tenggara Barat', '0446 6541 216', 8, '1988-12-03', '02:37:59', '2023-03-03 05:29:54', '2023-03-03 05:29:54'),
(159, 'Hartaka Maryadi Kurniawan', 'Sumatera Selatan', '(+62) 484 9494 327', 4, '1986-12-14', '04:52:13', '2023-03-03 05:29:54', '2023-03-03 05:29:54'),
(160, 'Ganda Suwarno', 'Aceh', '(+62) 890 6550 697', 8, '2014-04-17', '13:41:43', '2023-03-03 05:29:54', '2023-03-03 05:29:54'),
(161, 'Maryadi Rahman Sirait M.Pd', 'Kalimantan Barat', '(+62) 361 9824 9051', 3, '2010-02-08', '13:42:18', '2023-03-03 05:29:54', '2023-03-03 05:29:54'),
(162, 'Gawati Hartati', 'Kepulauan Bangka Belitung', '0314 6656 9232', 2, '2006-10-01', '04:30:24', '2023-03-03 05:29:54', '2023-03-03 05:29:54'),
(163, 'Tari Laksita', 'Papua', '(+62) 29 6419 0851', 1, '2001-11-11', '15:14:22', '2023-03-03 05:29:54', '2023-03-03 05:29:54'),
(164, 'Syahrini Ina Yuniar', 'Jawa Timur', '0994 8356 350', 6, '1990-02-21', '20:13:47', '2023-03-03 05:29:54', '2023-03-03 05:29:54'),
(165, 'Sarah Purnawati', 'Gorontalo', '0439 6656 387', 1, '1993-09-20', '05:20:08', '2023-03-03 05:29:54', '2023-03-03 05:29:54'),
(166, 'Azalea Purnawati M.Ak', 'Kepulauan Bangka Belitung', '(+62) 201 5619 481', 6, '2007-03-03', '07:35:42', '2023-03-03 05:29:54', '2023-03-03 05:29:54'),
(167, 'Ajimat Emas Saputra', 'Kalimantan Tengah', '0860 392 279', 10, '1994-06-10', '13:45:00', '2023-03-03 05:29:54', '2023-03-03 05:29:54'),
(168, 'Kezia Hastuti', 'Sulawesi Tenggara', '0468 8890 3707', 9, '2007-11-01', '14:56:37', '2023-03-03 05:29:54', '2023-03-03 05:29:54'),
(169, 'Tira Rahmi Wahyuni S.Pt', 'DI Yogyakarta', '0277 7820 2823', 1, '1994-06-06', '23:01:40', '2023-03-03 05:29:54', '2023-03-03 05:29:54'),
(170, 'Lintang Rahayu', 'Papua Barat', '(+62) 305 4195 375', 3, '1982-11-30', '01:22:21', '2023-03-03 05:29:54', '2023-03-03 05:29:54'),
(171, 'Satya Luwar Mustofa', 'Sumatera Utara', '0267 0064 305', 3, '2006-10-21', '21:24:24', '2023-03-03 05:29:54', '2023-03-03 05:29:54'),
(172, 'Ayu Halimah', 'Sulawesi Tengah', '(+62) 262 0939 865', 9, '1973-05-07', '10:32:25', '2023-03-03 05:29:54', '2023-03-03 05:29:54'),
(173, 'Nasrullah Marpaung', 'Sumatera Selatan', '0947 3185 3748', 6, '2010-02-06', '11:26:57', '2023-03-03 05:29:54', '2023-03-03 05:29:54'),
(174, 'Putri Zulaika', 'Sulawesi Tenggara', '0630 8787 5883', 10, '1997-05-19', '23:05:33', '2023-03-03 05:29:54', '2023-03-03 05:29:54'),
(175, 'Elon Haryanto', 'Kepulauan Bangka Belitung', '029 3820 2155', 10, '1975-07-16', '17:34:36', '2023-03-03 05:29:54', '2023-03-03 05:29:54'),
(176, 'Febi Pudjiastuti', 'Kalimantan Utara', '(+62) 28 9692 2804', 5, '2001-05-18', '03:36:39', '2023-03-03 05:29:54', '2023-03-03 05:29:54'),
(177, 'Cawisono Ganep Lazuardi', 'Kalimantan Selatan', '(+62) 697 7239 5492', 3, '2008-05-21', '16:29:34', '2023-03-03 05:29:54', '2023-03-03 05:29:54'),
(178, 'Cawuk Mangunsong M.Ak', 'Jawa Tengah', '(+62) 863 0405 565', 10, '1994-01-10', '20:38:13', '2023-03-03 05:29:54', '2023-03-03 05:29:54'),
(179, 'Hilda Purnawati', 'Sulawesi Utara', '0235 7169 3417', 10, '1989-04-06', '11:29:10', '2023-03-03 05:29:54', '2023-03-03 05:29:54'),
(180, 'Tasdik Gilang Najmudin S.Farm', 'Bali', '024 5593 838', 1, '1980-12-05', '10:51:54', '2023-03-03 05:29:54', '2023-03-03 05:29:54'),
(181, 'Candra Hutasoit', 'Gorontalo', '0220 8859 536', 2, '1984-05-12', '09:08:58', '2023-03-03 05:29:54', '2023-03-03 05:29:54'),
(182, 'Wulan Putri Permata S.Farm', 'Jawa Tengah', '(+62) 28 9031 460', 9, '1974-06-06', '17:02:00', '2023-03-03 05:29:54', '2023-03-03 05:29:54'),
(183, 'Purwadi Mandala', 'Nusa Tenggara Barat', '(+62) 928 0979 361', 9, '2014-01-19', '02:04:21', '2023-03-03 05:29:54', '2023-03-03 05:29:54'),
(184, 'Opan Halim', 'Bali', '0629 9291 053', 4, '2022-05-16', '09:25:19', '2023-03-03 05:29:54', '2023-03-03 05:29:54'),
(185, 'Prasetya Hardi Nashiruddin M.Farm', 'Jawa Tengah', '0523 3699 163', 8, '1988-09-25', '13:59:36', '2023-03-03 05:29:54', '2023-03-03 05:29:54'),
(186, 'Sabrina Anggraini', 'Jawa Tengah', '(+62) 29 4093 2182', 2, '2017-10-23', '00:21:52', '2023-03-03 05:29:54', '2023-03-03 05:29:54'),
(187, 'Candrakanta Lasmono Saputra', 'Nusa Tenggara Barat', '(+62) 475 7884 935', 1, '2022-01-20', '11:46:31', '2023-03-03 05:29:54', '2023-03-03 05:29:54'),
(188, 'Tri Sitorus', 'Sulawesi Selatan', '(+62) 833 3888 750', 8, '1999-11-13', '10:57:24', '2023-03-03 05:29:54', '2023-03-03 05:29:54'),
(189, 'Olivia Lestari', 'Kalimantan Timur', '0812 3824 4807', 7, '2000-05-13', '14:49:24', '2023-03-03 05:29:54', '2023-03-03 05:29:54'),
(190, 'Karsa Ozy Winarno', 'Banten', '0348 4549 4151', 7, '2010-12-21', '04:05:59', '2023-03-03 05:29:54', '2023-03-03 05:29:54'),
(191, 'Nadine Yuniar', 'Sumatera Utara', '(+62) 871 622 079', 7, '2010-01-12', '20:47:42', '2023-03-03 05:29:54', '2023-03-03 05:29:54'),
(192, 'Lidya Widiastuti', 'Sumatera Selatan', '0804 6662 9619', 1, '1980-02-23', '01:24:49', '2023-03-03 05:29:54', '2023-03-03 05:29:54'),
(193, 'Ani Suartini', 'Sulawesi Selatan', '0765 0250 5040', 4, '2015-11-04', '18:43:05', '2023-03-03 05:29:54', '2023-03-03 05:29:54'),
(194, 'Gada Rajasa', 'Kalimantan Barat', '(+62) 226 3549 731', 9, '2002-12-19', '08:51:06', '2023-03-03 05:29:54', '2023-03-03 05:29:54'),
(195, 'Elvin Hutapea', 'Maluku', '0812 6030 6577', 7, '1998-12-31', '14:53:06', '2023-03-03 05:29:54', '2023-03-03 05:29:54'),
(196, 'Umi Fujiati', 'Bengkulu', '0872 0524 387', 1, '2005-05-04', '17:58:09', '2023-03-03 05:29:54', '2023-03-03 05:29:54'),
(197, 'Pranata Wibowo S.Pt', 'DKI Jakarta', '(+62) 24 2819 463', 9, '2004-09-02', '15:59:28', '2023-03-03 05:29:54', '2023-03-03 05:29:54'),
(198, 'Ina Zulfa Melani', 'Bali', '0486 0185 669', 3, '2022-05-04', '15:01:18', '2023-03-03 05:29:54', '2023-03-03 05:29:54'),
(199, 'Baktiono Kawaya Adriansyah', 'Sulawesi Selatan', '0711 2915 4932', 4, '1971-10-19', '07:54:12', '2023-03-03 05:29:54', '2023-03-03 05:29:54'),
(200, 'Putri Yulianti', 'Sulawesi Tengah', '0831 8020 8533', 5, '1979-03-09', '19:38:30', '2023-03-03 05:29:54', '2023-03-03 05:29:54'),
(201, 'Purwanto Widodo', 'Kalimantan Selatan', '021 3276 9451', 8, '1981-11-18', '02:37:37', '2023-03-03 05:29:54', '2023-03-03 05:29:54'),
(202, 'Viman Warta Jailani', 'Aceh', '0465 8899 8667', 6, '1976-08-02', '07:20:18', '2023-03-03 05:29:54', '2023-03-03 05:29:54'),
(203, 'Caturangga Cakrabuana Siregar', 'Riau', '0493 1249 9746', 7, '1971-03-13', '03:09:33', '2023-03-03 05:29:54', '2023-03-03 05:29:54'),
(204, 'Jabal Kairav Pratama M.M.', 'Sulawesi Utara', '(+62) 345 4253 052', 6, '1993-12-09', '16:38:40', '2023-03-03 05:29:54', '2023-03-03 05:29:54'),
(205, 'Yoga Marsito Haryanto', 'Kalimantan Barat', '027 3050 111', 7, '1984-06-21', '01:50:06', '2023-03-03 05:29:54', '2023-03-03 05:29:54'),
(206, 'Eka Sadina Widiastuti M.Farm', 'Nusa Tenggara Timur', '0738 3000 3666', 1, '1974-03-01', '05:32:18', '2023-03-03 05:29:54', '2023-03-03 05:29:54'),
(207, 'Ilyas Gunarto', 'Sumatera Selatan', '(+62) 764 5234 3216', 3, '2023-02-19', '11:02:43', '2023-03-03 05:29:54', '2023-03-03 05:29:54'),
(208, 'Daruna Virman Hutapea S.Gz', 'Maluku', '0649 9159 5069', 2, '1986-04-30', '09:12:31', '2023-03-03 05:29:54', '2023-03-03 05:29:54'),
(209, 'Ida Lailasari', 'Lampung', '(+62) 24 4182 9189', 9, '1982-08-12', '16:38:32', '2023-03-03 05:29:54', '2023-03-03 05:29:54'),
(210, 'Zaenab Eli Agustina M.Kom.', 'Kalimantan Timur', '(+62) 378 2616 9577', 6, '2000-09-20', '20:49:41', '2023-03-03 05:29:54', '2023-03-03 05:29:54'),
(211, 'Upik Kariman Hutasoit', 'Maluku Utara', '0952 8905 261', 7, '1978-01-01', '05:17:13', '2023-03-03 05:29:54', '2023-03-03 05:29:54'),
(212, 'Asmuni Tampubolon', 'Kalimantan Tengah', '022 4484 5867', 10, '1994-02-06', '06:08:10', '2023-03-03 05:29:54', '2023-03-03 05:29:54'),
(213, 'Artawan Uwais', 'Nusa Tenggara Timur', '0995 4187 0405', 3, '2019-03-03', '03:16:30', '2023-03-03 05:29:54', '2023-03-03 05:29:54'),
(214, 'Jamalia Palastri', 'Maluku Utara', '(+62) 780 8468 241', 8, '2013-10-28', '06:45:06', '2023-03-03 05:29:54', '2023-03-03 05:29:54'),
(215, 'Jati Radit Kuswoyo S.E.I', 'Nusa Tenggara Timur', '(+62) 713 8028 333', 6, '1971-01-08', '21:14:42', '2023-03-03 05:29:54', '2023-03-03 05:29:54'),
(216, 'Eka Mulyani', 'Lampung', '0251 4604 6111', 5, '1983-09-29', '07:26:45', '2023-03-03 05:29:54', '2023-03-03 05:29:54'),
(217, 'Margana Mustofa', 'Riau', '(+62) 525 3572 467', 4, '2017-01-10', '22:28:51', '2023-03-03 05:29:54', '2023-03-03 05:29:54'),
(218, 'Eka Rahimah', 'Bali', '0388 4994 820', 8, '2002-12-20', '20:13:56', '2023-03-03 05:29:54', '2023-03-03 05:29:54'),
(219, 'Vivi Rahimah', 'Kalimantan Utara', '(+62) 283 2450 274', 4, '1975-06-28', '04:40:25', '2023-03-03 05:29:54', '2023-03-03 05:29:54'),
(220, 'Titin Yolanda', 'DKI Jakarta', '(+62) 544 3501 505', 5, '1972-11-14', '19:10:50', '2023-03-03 05:29:54', '2023-03-03 05:29:54'),
(221, 'Wisnu Mangunsong', 'Nusa Tenggara Timur', '(+62) 27 9100 2480', 2, '1974-03-09', '15:43:39', '2023-03-03 05:29:54', '2023-03-03 05:29:54'),
(222, 'Vicky Cornelia Farida', 'Sumatera Selatan', '0524 9764 3249', 3, '2011-10-11', '18:51:22', '2023-03-03 05:29:54', '2023-03-03 05:29:54'),
(223, 'Salman Marsito Sihotang M.Kom.', 'Jawa Tengah', '(+62) 746 0162 118', 6, '2016-01-06', '00:23:43', '2023-03-03 05:29:54', '2023-03-03 05:29:54'),
(224, 'Latika Nurdiyanti', 'DKI Jakarta', '(+62) 447 9005 600', 4, '2014-05-03', '14:35:03', '2023-03-03 05:29:54', '2023-03-03 05:29:54'),
(225, 'Pandu Putra', 'Papua Barat', '(+62) 882 105 153', 1, '2008-07-16', '11:39:12', '2023-03-03 05:29:54', '2023-03-03 05:29:54'),
(226, 'Cici Septi Astuti', 'Bengkulu', '0440 5070 2723', 8, '1992-01-31', '07:03:19', '2023-03-03 05:29:54', '2023-03-03 05:29:54'),
(227, 'Capa Jayeng Prakasa S.Kom', 'Sulawesi Tengah', '(+62) 282 8432 011', 10, '2002-05-03', '19:11:35', '2023-03-03 05:29:54', '2023-03-03 05:29:54'),
(228, 'Koko Hutagalung', 'Bengkulu', '(+62) 253 3816 907', 9, '1992-07-14', '11:33:15', '2023-03-03 05:29:54', '2023-03-03 05:29:54'),
(229, 'Lurhur Narji Kuswoyo S.Pt', 'Gorontalo', '(+62) 386 7119 893', 3, '1985-10-30', '10:06:54', '2023-03-03 05:29:54', '2023-03-03 05:29:54'),
(230, 'Alika Uyainah', 'Kepulauan Bangka Belitung', '0998 8356 5642', 2, '1996-07-19', '13:35:08', '2023-03-03 05:29:54', '2023-03-03 05:29:54'),
(231, 'Sabri Jaiman Hutagalung', 'Kalimantan Timur', '0584 9856 4651', 5, '1979-02-21', '00:29:44', '2023-03-03 05:29:54', '2023-03-03 05:29:54'),
(232, 'Juli Patricia Nasyidah M.Kom.', 'Papua Barat', '(+62) 591 1009 6241', 7, '2001-08-18', '03:00:52', '2023-03-03 05:29:54', '2023-03-03 05:29:54'),
(233, 'Cawuk Prasetya', 'Nusa Tenggara Barat', '(+62) 970 6828 721', 2, '2006-06-29', '09:28:19', '2023-03-03 05:29:54', '2023-03-03 05:29:54'),
(234, 'Edward Simbolon', 'Kalimantan Selatan', '0590 0819 9578', 6, '1971-01-07', '02:00:24', '2023-03-03 05:29:54', '2023-03-03 05:29:54'),
(235, 'Latika Hartati M.Farm', 'Maluku', '(+62) 693 2191 6975', 9, '2018-08-01', '18:40:53', '2023-03-03 05:29:54', '2023-03-03 05:29:54'),
(236, 'Ganda Manullang', 'Aceh', '0577 0875 8175', 2, '2006-06-18', '19:13:49', '2023-03-03 05:29:54', '2023-03-03 05:29:54'),
(237, 'Zulfa Yolanda', 'DKI Jakarta', '(+62) 629 6190 205', 8, '1979-05-01', '15:24:36', '2023-03-03 05:29:54', '2023-03-03 05:29:54'),
(238, 'Baktiadi Prabowo', 'Kepulauan Riau', '(+62) 571 9854 4111', 2, '2013-01-10', '21:18:24', '2023-03-03 05:29:54', '2023-03-03 05:29:54'),
(239, 'Leo Emong Prasasta', 'Kepulauan Riau', '0728 9303 4089', 2, '1975-06-15', '12:06:55', '2023-03-03 05:29:54', '2023-03-03 05:29:54'),
(240, 'Asmianto Wibowo', 'Riau', '0952 5703 6472', 8, '1970-03-22', '04:34:20', '2023-03-03 05:29:54', '2023-03-03 05:29:54'),
(241, 'Kayun Prayoga', 'Sumatera Barat', '(+62) 360 3298 746', 4, '1974-02-27', '14:52:41', '2023-03-03 05:29:54', '2023-03-03 05:29:54'),
(242, 'Ganda Akarsana Hidayanto', 'Sulawesi Barat', '0584 9293 791', 5, '1973-10-31', '03:36:04', '2023-03-03 05:29:54', '2023-03-03 05:29:54'),
(243, 'Chelsea Wahyuni', 'Jawa Tengah', '(+62) 546 7996 7887', 2, '2021-12-04', '11:36:13', '2023-03-03 05:29:54', '2023-03-03 05:29:54'),
(244, 'Uli Hasna Hasanah M.Pd', 'Kalimantan Barat', '0230 0681 523', 9, '2020-03-04', '03:35:18', '2023-03-03 05:29:54', '2023-03-03 05:29:54'),
(245, 'Malika Laksmiwati', 'Jambi', '(+62) 25 0091 443', 5, '2018-11-30', '04:22:21', '2023-03-03 05:29:54', '2023-03-03 05:29:54'),
(246, 'Nadia Syahrini Rahmawati S.E.I', 'Nusa Tenggara Barat', '(+62) 907 5593 663', 4, '1978-04-20', '07:05:22', '2023-03-03 05:29:54', '2023-03-03 05:29:54'),
(247, 'Juli Rahmawati', 'Papua Barat', '(+62) 606 7393 393', 2, '2009-03-27', '01:22:01', '2023-03-03 05:29:54', '2023-03-03 05:29:54'),
(248, 'Gambira Waskita', 'DKI Jakarta', '0943 9159 815', 7, '2002-04-13', '03:36:02', '2023-03-03 05:29:54', '2023-03-03 05:29:54'),
(249, 'Lalita Queen Widiastuti', 'Sumatera Utara', '0776 2720 753', 3, '2002-10-22', '14:26:03', '2023-03-03 05:29:54', '2023-03-03 05:29:54'),
(250, 'Victoria Pertiwi', 'Jawa Tengah', '028 9354 894', 6, '1983-04-29', '10:42:51', '2023-03-03 05:29:54', '2023-03-03 05:29:54'),
(251, 'Dian Suryatmi', 'Maluku Utara', '0849 4542 370', 8, '2015-05-24', '06:56:51', '2023-03-03 05:29:54', '2023-03-03 05:29:54'),
(252, 'Putri Utami S.E.I', 'Banten', '(+62) 368 6701 2219', 7, '1977-06-07', '11:53:56', '2023-03-03 05:29:54', '2023-03-03 05:29:54'),
(253, 'Suci Laksmiwati', 'Kalimantan Utara', '0243 4502 2319', 10, '1987-02-21', '03:53:45', '2023-03-03 05:29:54', '2023-03-03 05:29:54'),
(254, 'Mala Laksmiwati', 'Sulawesi Selatan', '0520 5136 490', 9, '1995-11-17', '14:41:49', '2023-03-03 05:29:54', '2023-03-03 05:29:54'),
(255, 'Rosman Asmadi Sihombing S.Farm', 'Kalimantan Timur', '(+62) 545 0865 5506', 2, '1976-02-03', '21:40:09', '2023-03-03 05:29:55', '2023-03-03 05:29:55'),
(256, 'Lukita Prasetyo', 'Papua Barat', '0712 5214 5224', 8, '1971-08-04', '11:17:19', '2023-03-03 05:29:55', '2023-03-03 05:29:55'),
(257, 'Ifa Nuraini S.H.', 'Sumatera Utara', '(+62) 811 8650 6291', 6, '1986-04-05', '21:56:24', '2023-03-03 05:29:55', '2023-03-03 05:29:55'),
(258, 'Genta Rini Mulyani S.E.', 'Kalimantan Barat', '0356 1685 1276', 8, '1991-04-27', '09:15:55', '2023-03-03 05:29:55', '2023-03-03 05:29:55'),
(259, 'Halima Puspasari S.Kom', 'Sumatera Selatan', '0615 5873 376', 7, '2021-02-07', '23:55:30', '2023-03-03 05:29:55', '2023-03-03 05:29:55'),
(260, 'Dina Maryati S.Farm', 'Kepulauan Riau', '(+62) 282 2456 913', 6, '2008-10-17', '21:22:39', '2023-03-03 05:29:55', '2023-03-03 05:29:55'),
(261, 'Tiara Hastuti S.Kom', 'Papua', '(+62) 365 6809 386', 8, '1990-09-17', '15:09:37', '2023-03-03 05:29:55', '2023-03-03 05:29:55'),
(262, 'Ani Wastuti', 'Kalimantan Timur', '(+62) 27 1276 1611', 7, '2017-01-11', '22:22:41', '2023-03-03 05:29:55', '2023-03-03 05:29:55'),
(263, 'Gina Vera Aryani S.Ked', 'Lampung', '(+62) 777 7594 0777', 10, '1978-12-06', '07:28:00', '2023-03-03 05:29:55', '2023-03-03 05:29:55'),
(264, 'Gading Saputra', 'Jawa Barat', '0878 4530 314', 10, '1971-02-04', '09:22:36', '2023-03-03 05:29:55', '2023-03-03 05:29:55'),
(265, 'Gamblang Saragih', 'Sumatera Barat', '(+62) 915 6546 9863', 3, '1985-10-15', '09:38:04', '2023-03-03 05:29:55', '2023-03-03 05:29:55'),
(266, 'Johan Januar S.Ked', 'Kalimantan Tengah', '(+62) 780 5241 1571', 9, '1994-09-06', '21:53:34', '2023-03-03 05:29:55', '2023-03-03 05:29:55'),
(267, 'Gawati Prastuti S.H.', 'Jawa Barat', '0778 7195 6264', 5, '1987-02-15', '01:09:00', '2023-03-03 05:29:55', '2023-03-03 05:29:55'),
(268, 'Samiah Mayasari S.Ked', 'Sumatera Selatan', '0812 6807 9341', 1, '1990-11-20', '01:48:28', '2023-03-03 05:29:55', '2023-03-03 05:29:55'),
(269, 'Umi Karen Oktaviani', 'Nusa Tenggara Timur', '0516 0645 9447', 6, '2019-06-23', '06:41:42', '2023-03-03 05:29:55', '2023-03-03 05:29:55'),
(270, 'Patricia Astuti', 'Sumatera Barat', '(+62) 610 0319 2201', 6, '2009-10-14', '15:39:15', '2023-03-03 05:29:55', '2023-03-03 05:29:55'),
(271, 'Mulyono Situmorang', 'Banten', '0893 1737 610', 1, '1973-08-08', '08:16:09', '2023-03-03 05:29:55', '2023-03-03 05:29:55'),
(272, 'Puti Yuliarti', 'Sulawesi Selatan', '0703 1106 608', 8, '2016-01-23', '03:01:08', '2023-03-03 05:29:55', '2023-03-03 05:29:55'),
(273, 'Dasa Napitupulu M.M.', 'Lampung', '0328 3636 197', 7, '1982-05-16', '12:47:36', '2023-03-03 05:29:55', '2023-03-03 05:29:55'),
(274, 'Prasetyo Nashiruddin', 'Sulawesi Tengah', '(+62) 27 4467 1997', 2, '1995-08-10', '00:04:10', '2023-03-03 05:29:55', '2023-03-03 05:29:55'),
(275, 'Gangsar Nashiruddin', 'Jawa Timur', '0256 9769 4463', 6, '1973-06-12', '23:21:45', '2023-03-03 05:29:55', '2023-03-03 05:29:55'),
(276, 'Mulyanto Cager Gunarto M.M.', 'Kepulauan Bangka Belitung', '0213 5706 845', 1, '1990-12-16', '07:01:33', '2023-03-03 05:29:55', '2023-03-03 05:29:55'),
(277, 'Ganda Karja Prayoga', 'Maluku', '026 2652 771', 9, '1971-05-01', '12:32:27', '2023-03-03 05:29:55', '2023-03-03 05:29:55'),
(278, 'Rudi Galang Mustofa', 'Sumatera Utara', '022 6517 0953', 3, '1984-11-15', '19:28:17', '2023-03-03 05:29:55', '2023-03-03 05:29:55'),
(279, 'Raharja Makara Kuswoyo S.Kom', 'Kalimantan Barat', '0895 967 228', 3, '1996-01-18', '03:24:13', '2023-03-03 05:29:55', '2023-03-03 05:29:55'),
(280, 'Ikhsan Okto Prasetya S.Pt', 'Papua', '0439 7788 9619', 7, '1996-11-06', '10:10:04', '2023-03-03 05:29:55', '2023-03-03 05:29:55'),
(281, 'Keisha Laksita', 'Bali', '(+62) 207 3067 5868', 7, '1993-12-20', '06:21:47', '2023-03-03 05:29:55', '2023-03-03 05:29:55'),
(282, 'Nardi Simbolon M.Farm', 'Kepulauan Riau', '0400 1097 9765', 5, '2000-05-11', '23:43:21', '2023-03-03 05:29:55', '2023-03-03 05:29:55'),
(283, 'Padmi Kania Nurdiyanti', 'Jawa Barat', '(+62) 530 8524 943', 8, '1975-04-24', '18:10:58', '2023-03-03 05:29:55', '2023-03-03 05:29:55'),
(284, 'Agnes Endah Purnawati M.M.', 'Aceh', '(+62) 419 1617 359', 8, '2011-04-28', '03:33:39', '2023-03-03 05:29:55', '2023-03-03 05:29:55'),
(285, 'Cemplunk Mangunsong S.Pd', 'Kalimantan Tengah', '(+62) 388 6831 0613', 7, '2022-01-10', '06:24:56', '2023-03-03 05:29:55', '2023-03-03 05:29:55'),
(286, 'Shakila Vivi Purnawati S.Kom', 'Kalimantan Selatan', '0803 4806 786', 6, '1972-08-08', '02:58:49', '2023-03-03 05:29:55', '2023-03-03 05:29:55'),
(287, 'Fathonah Yuni Hassanah S.IP', 'Papua Barat', '(+62) 855 1310 314', 2, '1982-08-29', '08:44:00', '2023-03-03 05:29:55', '2023-03-03 05:29:55'),
(288, 'Jumari Hutapea M.M.', 'Bengkulu', '(+62) 830 610 377', 9, '2010-07-29', '20:47:16', '2023-03-03 05:29:55', '2023-03-03 05:29:55'),
(289, 'Olivia Nuraini', 'Banten', '0687 8130 870', 3, '2011-07-16', '01:56:19', '2023-03-03 05:29:55', '2023-03-03 05:29:55'),
(290, 'Vanesa Riyanti', 'Lampung', '(+62) 820 739 680', 7, '2004-05-20', '19:10:57', '2023-03-03 05:29:55', '2023-03-03 05:29:55'),
(291, 'Bala Budiman', 'Kalimantan Utara', '0870 4891 3428', 1, '2007-11-19', '03:41:54', '2023-03-03 05:29:55', '2023-03-03 05:29:55'),
(292, 'Radika Januar', 'Maluku', '(+62) 770 7625 3731', 6, '1998-11-16', '07:52:45', '2023-03-03 05:29:55', '2023-03-03 05:29:55'),
(293, 'Ira Kuswandari S.Gz', 'Jawa Timur', '0802 8580 007', 9, '2001-08-25', '06:43:47', '2023-03-03 05:29:55', '2023-03-03 05:29:55'),
(294, 'Cinthia Chelsea Rahayu', 'Gorontalo', '(+62) 890 029 614', 6, '1975-11-15', '18:31:18', '2023-03-03 05:29:55', '2023-03-03 05:29:55'),
(295, 'Daruna Wasita S.H.', 'Jawa Barat', '(+62) 905 5008 8628', 1, '1990-03-04', '17:42:15', '2023-03-03 05:29:55', '2023-03-03 05:29:55'),
(296, 'Darmana Latupono', 'Maluku', '(+62) 321 5212 4253', 3, '1985-02-13', '11:12:22', '2023-03-03 05:29:55', '2023-03-03 05:29:55'),
(297, 'Irma Wulandari M.Ak', 'Maluku Utara', '0771 9469 2509', 1, '1981-10-20', '15:11:37', '2023-03-03 05:29:55', '2023-03-03 05:29:55'),
(298, 'Ghaliyati Gasti Puspasari S.Pt', 'Jawa Timur', '025 9196 276', 6, '2005-02-21', '16:14:32', '2023-03-03 05:29:55', '2023-03-03 05:29:55'),
(299, 'Taswir Marbun', 'Sulawesi Barat', '0325 7706 019', 5, '1978-07-02', '02:08:21', '2023-03-03 05:29:55', '2023-03-03 05:29:55'),
(300, 'Clara Tina Handayani S.Gz', 'Kalimantan Tengah', '(+62) 702 5293 197', 8, '1978-02-21', '17:43:22', '2023-03-03 05:29:55', '2023-03-03 05:29:55'),
(301, 'Elvina Widiastuti', 'Nusa Tenggara Barat', '0762 4515 124', 10, '2006-07-22', '07:00:22', '2023-03-03 05:29:55', '2023-03-03 05:29:55'),
(302, 'Kamaria Rahayu', 'Jawa Timur', '0329 4716 6017', 8, '1980-09-08', '13:11:44', '2023-03-03 05:29:55', '2023-03-03 05:29:55'),
(303, 'Kalim Lasmono Mansur', 'Lampung', '(+62) 247 3670 565', 5, '1983-10-31', '03:23:00', '2023-03-03 05:29:55', '2023-03-03 05:29:55'),
(304, 'Abyasa Sabri Sihotang', 'Sulawesi Utara', '(+62) 448 8148 189', 4, '1996-08-14', '17:53:28', '2023-03-03 05:29:55', '2023-03-03 05:29:55'),
(305, 'Gada Iswahyudi', 'Kalimantan Utara', '(+62) 890 5133 1943', 5, '2012-05-13', '02:34:58', '2023-03-03 05:29:55', '2023-03-03 05:29:55'),
(306, 'Lala Elma Lestari S.H.', 'Nusa Tenggara Timur', '0783 8806 465', 8, '2012-11-14', '08:37:49', '2023-03-03 05:29:55', '2023-03-03 05:29:55'),
(307, 'Nabila Hani Usada S.Ked', 'Jawa Barat', '(+62) 415 5375 249', 2, '1995-06-11', '13:59:20', '2023-03-03 05:29:55', '2023-03-03 05:29:55'),
(308, 'Farah Umi Laksmiwati', 'Kalimantan Utara', '(+62) 389 7765 2010', 8, '2018-07-07', '23:47:16', '2023-03-03 05:29:55', '2023-03-03 05:29:55'),
(309, 'Patricia Andriani', 'Sulawesi Tengah', '(+62) 619 5298 7408', 6, '2012-10-27', '04:22:52', '2023-03-03 05:29:55', '2023-03-03 05:29:55'),
(310, 'Rika Michelle Zulaika', 'Nusa Tenggara Barat', '(+62) 653 1181 0796', 4, '2021-09-11', '07:53:35', '2023-03-03 05:29:55', '2023-03-03 05:29:55'),
(311, 'Dariati Wasita S.E.', 'Kalimantan Selatan', '0415 5952 871', 5, '2005-11-16', '23:07:05', '2023-03-03 05:29:55', '2023-03-03 05:29:55'),
(312, 'Banara Hidayanto', 'Riau', '0981 3209 559', 3, '1988-01-01', '18:11:07', '2023-03-03 05:29:55', '2023-03-03 05:29:55'),
(313, 'Ozy Hidayanto', 'Lampung', '(+62) 497 6057 627', 6, '2019-12-14', '23:20:07', '2023-03-03 05:29:55', '2023-03-03 05:29:55'),
(314, 'Cinthia Jelita Wastuti M.M.', 'Maluku Utara', '(+62) 491 2398 513', 6, '1980-11-21', '00:00:00', '2023-03-03 05:29:55', '2023-03-03 05:29:55'),
(315, 'Nilam Pertiwi S.IP', 'Kalimantan Barat', '0872 806 094', 6, '1975-07-18', '21:12:44', '2023-03-03 05:29:55', '2023-03-03 05:29:55'),
(316, 'Purwanto Adriansyah', 'Sulawesi Tengah', '(+62) 824 397 964', 10, '2006-01-31', '04:06:48', '2023-03-03 05:29:55', '2023-03-03 05:29:55'),
(317, 'Bakiono Danu Pangestu M.Pd', 'DI Yogyakarta', '(+62) 393 9918 935', 1, '1996-03-29', '11:02:33', '2023-03-03 05:29:55', '2023-03-03 05:29:55'),
(318, 'Fitriani Haryanti', 'Maluku', '(+62) 822 8506 760', 7, '1994-03-31', '20:50:28', '2023-03-03 05:29:55', '2023-03-03 05:29:55'),
(319, 'Ajiono Wibowo', 'Papua Barat', '(+62) 353 8423 916', 5, '1970-07-16', '05:09:01', '2023-03-03 05:29:55', '2023-03-03 05:29:55'),
(320, 'Genta Aryani', 'Jambi', '0296 4919 3610', 5, '2019-07-31', '13:52:57', '2023-03-03 05:29:55', '2023-03-03 05:29:55'),
(321, 'Hamzah Hutasoit', 'Nusa Tenggara Barat', '(+62) 982 9838 985', 9, '1994-01-03', '07:22:15', '2023-03-03 05:29:55', '2023-03-03 05:29:55'),
(322, 'Maria Novi Rahmawati S.Sos', 'Papua Barat', '(+62) 656 4691 040', 6, '2011-11-01', '07:10:09', '2023-03-03 05:29:55', '2023-03-03 05:29:55'),
(323, 'Jabal Saefullah', 'Jawa Barat', '(+62) 940 1644 7120', 1, '1996-10-31', '00:15:06', '2023-03-03 05:29:55', '2023-03-03 05:29:55'),
(324, 'Iriana Anggraini', 'Sulawesi Tenggara', '(+62) 738 1312 3469', 10, '1991-02-11', '23:27:38', '2023-03-03 05:29:55', '2023-03-03 05:29:55'),
(325, 'Tira Restu Riyanti', 'Lampung', '(+62) 909 9709 4466', 3, '2006-11-06', '21:39:39', '2023-03-03 05:29:55', '2023-03-03 05:29:55'),
(326, 'Harimurti Nasab Thamrin S.H.', 'Sulawesi Barat', '(+62) 488 0551 7242', 6, '2008-04-26', '00:07:28', '2023-03-03 05:29:55', '2023-03-03 05:29:55'),
(327, 'Galih Utama', 'DKI Jakarta', '0483 6329 6004', 7, '1988-10-23', '22:13:01', '2023-03-03 05:29:55', '2023-03-03 05:29:55'),
(328, 'Maria Astuti', 'Sulawesi Utara', '(+62) 29 3468 835', 8, '2013-06-23', '10:27:57', '2023-03-03 05:29:55', '2023-03-03 05:29:55'),
(329, 'Garang Waluyo', 'Banten', '(+62) 304 0632 8602', 4, '2007-06-24', '16:46:59', '2023-03-03 05:29:55', '2023-03-03 05:29:55'),
(330, 'Fathonah Oliva Pertiwi S.I.Kom', 'Kalimantan Utara', '(+62) 859 7518 366', 7, '2017-03-09', '22:08:15', '2023-03-03 05:29:55', '2023-03-03 05:29:55'),
(331, 'Dadap Drajat Pangestu M.Farm', 'Kalimantan Timur', '020 7141 1872', 6, '2006-09-17', '23:07:56', '2023-03-03 05:29:55', '2023-03-03 05:29:55'),
(332, 'Najwa Fujiati', 'Sumatera Selatan', '(+62) 919 8684 5317', 2, '2009-11-04', '19:40:55', '2023-03-03 05:29:55', '2023-03-03 05:29:55'),
(333, 'Zaenab Rahayu', 'Kalimantan Selatan', '0650 3974 023', 8, '2022-02-27', '23:10:09', '2023-03-03 05:29:55', '2023-03-03 05:29:55'),
(334, 'Timbul Budiyanto', 'Nusa Tenggara Barat', '(+62) 515 9058 5708', 10, '1978-07-16', '17:50:45', '2023-03-03 05:29:55', '2023-03-03 05:29:55'),
(335, 'Gamblang Firgantoro', 'Riau', '0921 5928 369', 5, '1980-01-19', '01:00:47', '2023-03-03 05:29:55', '2023-03-03 05:29:55'),
(336, 'Prasetyo Waluyo', 'Sulawesi Utara', '0605 4536 9956', 6, '1998-11-29', '06:59:41', '2023-03-03 05:29:55', '2023-03-03 05:29:55'),
(337, 'Nabila Kayla Hariyah', 'DI Yogyakarta', '(+62) 880 9971 198', 7, '2017-12-28', '22:40:53', '2023-03-03 05:29:55', '2023-03-03 05:29:55'),
(338, 'Jati Kusumo', 'Kalimantan Selatan', '(+62) 20 1079 095', 3, '2008-12-14', '14:49:33', '2023-03-03 05:29:55', '2023-03-03 05:29:55'),
(339, 'Mursinin Warta Widodo', 'Riau', '0699 1499 2137', 6, '1988-01-06', '12:20:37', '2023-03-03 05:29:55', '2023-03-03 05:29:55'),
(340, 'Dodo Karma Suwarno', 'Sulawesi Tengah', '(+62) 853 3441 7502', 9, '2014-10-18', '14:06:10', '2023-03-03 05:29:55', '2023-03-03 05:29:55'),
(341, 'Eka Wibisono', 'DKI Jakarta', '(+62) 802 4511 349', 6, '2016-10-05', '02:58:15', '2023-03-03 05:29:55', '2023-03-03 05:29:55'),
(342, 'Nabila Irma Nasyiah M.Ak', 'DI Yogyakarta', '0446 5058 247', 2, '1999-06-21', '13:55:04', '2023-03-03 05:29:55', '2023-03-03 05:29:55'),
(343, 'Karimah Lailasari', 'Nusa Tenggara Timur', '0863 0235 7800', 5, '1997-08-19', '03:40:43', '2023-03-03 05:29:55', '2023-03-03 05:29:55'),
(344, 'Anastasia Namaga', 'Bali', '0582 1209 528', 6, '2020-12-08', '02:58:46', '2023-03-03 05:29:55', '2023-03-03 05:29:55'),
(345, 'Karma Narpati', 'Papua', '(+62) 309 6590 1460', 10, '2006-01-23', '00:17:32', '2023-03-03 05:29:55', '2023-03-03 05:29:55'),
(346, 'Unggul Kenzie Widodo S.Pt', 'Banten', '(+62) 354 0616 3043', 9, '1993-05-04', '21:55:01', '2023-03-03 05:29:55', '2023-03-03 05:29:55'),
(347, 'Ella Yani Rahayu S.Pd', 'Sulawesi Tengah', '(+62) 281 7861 7231', 5, '2015-09-17', '07:00:13', '2023-03-03 05:29:55', '2023-03-03 05:29:55'),
(348, 'Luhung Dabukke S.Farm', 'Kalimantan Selatan', '(+62) 599 0983 1282', 1, '1977-03-07', '02:56:02', '2023-03-03 05:29:55', '2023-03-03 05:29:55'),
(349, 'Vanesa Haryanti', 'Kalimantan Tengah', '(+62) 230 4256 419', 1, '1971-10-12', '12:35:23', '2023-03-03 05:29:55', '2023-03-03 05:29:55'),
(350, 'Kartika Farida', 'Kalimantan Utara', '(+62) 387 0578 3546', 5, '1984-05-01', '00:35:58', '2023-03-03 05:29:55', '2023-03-03 05:29:55'),
(351, 'Mumpuni Setiawan', 'Sumatera Barat', '(+62) 855 4098 184', 4, '2012-07-02', '07:38:34', '2023-03-03 05:29:55', '2023-03-03 05:29:55'),
(352, 'Suci Usada S.H.', 'Sulawesi Tengah', '(+62) 21 0601 4958', 6, '2005-12-07', '17:57:28', '2023-03-03 05:29:55', '2023-03-03 05:29:55'),
(353, 'Halima Rahmawati', 'Bali', '(+62) 206 1030 177', 1, '2001-04-03', '08:37:35', '2023-03-03 05:29:55', '2023-03-03 05:29:55'),
(354, 'Paramita Palastri S.Kom', 'Sumatera Selatan', '(+62) 661 0393 132', 6, '1994-08-27', '18:33:38', '2023-03-03 05:29:55', '2023-03-03 05:29:55'),
(355, 'Kusuma Mahendra S.Sos', 'Maluku', '(+62) 646 2764 2256', 5, '2021-02-26', '17:47:01', '2023-03-03 05:29:55', '2023-03-03 05:29:55'),
(356, 'Eli Anggraini', 'Jawa Timur', '0512 5488 833', 5, '1975-03-07', '05:54:14', '2023-03-03 05:29:55', '2023-03-03 05:29:55'),
(357, 'Gambira Jais Narpati', 'Jawa Timur', '(+62) 439 3415 8874', 8, '2007-07-28', '17:24:30', '2023-03-03 05:29:55', '2023-03-03 05:29:55'),
(358, 'Luthfi Garang Permadi', 'Kalimantan Selatan', '(+62) 450 5296 963', 4, '1988-03-30', '05:04:36', '2023-03-03 05:29:55', '2023-03-03 05:29:55'),
(359, 'Yuliana Salwa Maryati S.E.', 'Sulawesi Barat', '0297 3021 9379', 4, '1972-03-02', '12:51:11', '2023-03-03 05:29:55', '2023-03-03 05:29:55');
INSERT INTO `tamus` (`id`, `nama_lengkap`, `alamat`, `no_hp`, `event_id`, `tanggal`, `waktu`, `created_at`, `updated_at`) VALUES
(360, 'Aditya Arsipatra Prasetyo', 'Maluku Utara', '(+62) 24 0864 6934', 3, '2003-04-14', '03:00:19', '2023-03-03 05:29:55', '2023-03-03 05:29:55'),
(361, 'Erik Nashiruddin', 'Sulawesi Selatan', '0275 6317 860', 10, '2008-07-20', '22:28:05', '2023-03-03 05:29:55', '2023-03-03 05:29:55'),
(362, 'Julia Yolanda', 'Maluku', '(+62) 729 4000 134', 6, '1973-08-14', '05:53:23', '2023-03-03 05:29:55', '2023-03-03 05:29:55'),
(363, 'Farah Hariyah', 'Kalimantan Selatan', '0963 7752 0639', 4, '1994-05-23', '10:54:15', '2023-03-03 05:29:55', '2023-03-03 05:29:55'),
(364, 'Slamet Saragih S.H.', 'Lampung', '(+62) 994 7263 9878', 3, '1983-11-12', '15:20:12', '2023-03-03 05:29:55', '2023-03-03 05:29:55'),
(365, 'Wardaya Waskita', 'Sulawesi Tenggara', '(+62) 643 0372 772', 5, '1988-04-19', '12:21:47', '2023-03-03 05:29:55', '2023-03-03 05:29:55'),
(366, 'Mutia Hastuti', 'DKI Jakarta', '0952 5885 8392', 10, '2002-05-24', '20:08:37', '2023-03-03 05:29:55', '2023-03-03 05:29:55'),
(367, 'Mala Zulaika', 'Sumatera Utara', '0476 2226 7058', 1, '1992-12-18', '21:47:53', '2023-03-03 05:29:55', '2023-03-03 05:29:55'),
(368, 'Tari Winarsih', 'Sumatera Utara', '0504 3463 743', 1, '1990-03-18', '09:27:02', '2023-03-03 05:29:55', '2023-03-03 05:29:55'),
(369, 'Irnanto Dabukke', 'Jawa Barat', '(+62) 454 5128 185', 9, '2005-01-07', '08:22:29', '2023-03-03 05:29:55', '2023-03-03 05:29:55'),
(370, 'Tedi Firgantoro M.TI.', 'Kepulauan Riau', '027 5781 7673', 9, '1995-04-25', '05:40:32', '2023-03-03 05:29:55', '2023-03-03 05:29:55'),
(371, 'Raina Nurdiyanti', 'Kepulauan Riau', '0879 6021 736', 8, '2008-12-26', '11:42:26', '2023-03-03 05:29:55', '2023-03-03 05:29:55'),
(372, 'Kenzie Thamrin', 'Kalimantan Barat', '(+62) 554 1849 138', 10, '1987-06-22', '19:04:14', '2023-03-03 05:29:55', '2023-03-03 05:29:55'),
(373, 'Anggabaya Sitompul', 'Nusa Tenggara Barat', '(+62) 390 6785 4115', 2, '1972-02-11', '14:55:07', '2023-03-03 05:29:55', '2023-03-03 05:29:55'),
(374, 'Cawuk Purwa Saputra M.Pd', 'Kalimantan Timur', '0732 2377 806', 9, '2008-02-06', '19:15:05', '2023-03-03 05:29:55', '2023-03-03 05:29:55'),
(375, 'Martana Xanana Marpaung', 'Sulawesi Utara', '024 9677 392', 6, '2016-03-14', '05:27:44', '2023-03-03 05:29:55', '2023-03-03 05:29:55'),
(376, 'Paiman Wacana', 'Kalimantan Utara', '(+62) 286 8629 6453', 6, '1998-11-15', '03:27:33', '2023-03-03 05:29:55', '2023-03-03 05:29:55'),
(377, 'Tira Oktaviani', 'DI Yogyakarta', '(+62) 253 8667 0995', 5, '1973-08-11', '14:48:44', '2023-03-03 05:29:55', '2023-03-03 05:29:55'),
(378, 'Vinsen Winarno', 'Kepulauan Bangka Belitung', '0893 6285 4278', 1, '2011-03-17', '14:11:33', '2023-03-03 05:29:55', '2023-03-03 05:29:55'),
(379, 'Radit Bancar Ramadan S.Pd', 'Sumatera Barat', '(+62) 210 6173 7979', 3, '2006-02-22', '05:13:16', '2023-03-03 05:29:55', '2023-03-03 05:29:55'),
(380, 'Melinda Riyanti M.Pd', 'Kalimantan Tengah', '(+62) 553 8737 8295', 6, '2015-06-10', '03:50:36', '2023-03-03 05:29:55', '2023-03-03 05:29:55'),
(381, 'Erik Putra', 'Jawa Tengah', '0780 5960 524', 5, '1983-04-23', '11:20:49', '2023-03-03 05:29:55', '2023-03-03 05:29:55'),
(382, 'Martana Lasmanto Dabukke S.Psi', 'Sulawesi Tengah', '(+62) 26 0775 0811', 10, '2006-05-11', '05:09:17', '2023-03-03 05:29:55', '2023-03-03 05:29:55'),
(383, 'Anita Lestari', 'Jambi', '(+62) 964 1782 915', 3, '2005-11-02', '09:54:46', '2023-03-03 05:29:55', '2023-03-03 05:29:55'),
(384, 'Kunthara Gunawan', 'Jambi', '0518 6149 8665', 5, '2004-02-02', '10:37:31', '2023-03-03 05:29:55', '2023-03-03 05:29:55'),
(385, 'Ivan Manullang M.Kom.', 'Papua', '(+62) 560 1262 440', 1, '2015-06-16', '01:12:25', '2023-03-03 05:29:55', '2023-03-03 05:29:55'),
(386, 'Hesti Maryati', 'Kepulauan Bangka Belitung', '0232 6394 908', 6, '1983-07-28', '08:07:15', '2023-03-03 05:29:55', '2023-03-03 05:29:55'),
(387, 'Sadina Mardhiyah', 'Kalimantan Tengah', '(+62) 822 0896 308', 1, '1986-06-23', '14:12:18', '2023-03-03 05:29:55', '2023-03-03 05:29:55'),
(388, 'Gaiman Raditya Nainggolan', 'Kalimantan Barat', '0418 6251 1801', 5, '1980-05-06', '15:46:10', '2023-03-03 05:29:55', '2023-03-03 05:29:55'),
(389, 'Muni Slamet Wijaya', 'Jambi', '(+62) 25 6897 630', 7, '2011-08-07', '07:07:44', '2023-03-03 05:29:55', '2023-03-03 05:29:55'),
(390, 'Bambang Sirait', 'Papua', '(+62) 622 2270 6946', 6, '1979-07-12', '07:04:04', '2023-03-03 05:29:55', '2023-03-03 05:29:55'),
(391, 'Vanesa Yulianti', 'Kalimantan Utara', '(+62) 275 3064 5985', 4, '2014-08-29', '18:13:11', '2023-03-03 05:29:55', '2023-03-03 05:29:55'),
(392, 'Vera Suci Yolanda M.M.', 'Sulawesi Tengah', '0616 7631 951', 5, '2019-10-20', '05:23:09', '2023-03-03 05:29:55', '2023-03-03 05:29:55'),
(393, 'Jindra Slamet Salahudin', 'Maluku', '(+62) 332 1367 831', 4, '1977-06-09', '03:30:17', '2023-03-03 05:29:55', '2023-03-03 05:29:55'),
(394, 'Erik Pratama', 'Papua', '0922 4221 076', 8, '2010-06-11', '03:12:12', '2023-03-03 05:29:55', '2023-03-03 05:29:55'),
(395, 'Emin Mangunsong', 'Kalimantan Barat', '(+62) 970 6966 196', 10, '2008-10-21', '05:20:20', '2023-03-03 05:29:55', '2023-03-03 05:29:55'),
(396, 'Aswani Rajata', 'Riau', '0652 0420 528', 9, '2009-08-05', '08:35:14', '2023-03-03 05:29:55', '2023-03-03 05:29:55'),
(397, 'Gamanto Firgantoro', 'Sumatera Utara', '(+62) 623 9878 517', 1, '1979-05-20', '01:44:29', '2023-03-03 05:29:55', '2023-03-03 05:29:55'),
(398, 'Marwata Januar', 'Jawa Tengah', '(+62) 419 2690 650', 2, '2019-03-29', '13:24:24', '2023-03-03 05:29:55', '2023-03-03 05:29:55'),
(399, 'Jelita Laksita', 'Bengkulu', '(+62) 898 9289 1660', 4, '2014-04-27', '08:10:55', '2023-03-03 05:29:55', '2023-03-03 05:29:55'),
(400, 'Digdaya Habibi', 'Kalimantan Utara', '(+62) 849 4109 069', 5, '2008-07-11', '16:02:09', '2023-03-03 05:29:55', '2023-03-03 05:29:55'),
(401, 'Humaira Maryati', 'Nusa Tenggara Barat', '(+62) 361 8204 2546', 8, '1999-02-22', '13:20:31', '2023-03-03 05:29:55', '2023-03-03 05:29:55'),
(402, 'Balangga Mustofa', 'Nusa Tenggara Timur', '(+62) 26 1696 9301', 7, '2013-07-23', '11:33:41', '2023-03-03 05:29:55', '2023-03-03 05:29:55'),
(403, 'Wirda Restu Halimah', 'Jambi', '0840 6498 8956', 3, '2005-12-31', '19:02:36', '2023-03-03 05:29:55', '2023-03-03 05:29:55'),
(404, 'Jefri Anggriawan', 'Sumatera Barat', '0467 5245 118', 6, '2007-10-29', '02:27:59', '2023-03-03 05:29:55', '2023-03-03 05:29:55'),
(405, 'Jamalia Nasyidah', 'Kalimantan Timur', '0313 2346 2032', 1, '1999-01-10', '07:02:02', '2023-03-03 05:29:55', '2023-03-03 05:29:55'),
(406, 'Elisa Melani', 'Jawa Tengah', '(+62) 853 8737 8335', 8, '2020-05-12', '00:30:06', '2023-03-03 05:29:55', '2023-03-03 05:29:55'),
(407, 'Melinda Laila Astuti', 'Sumatera Utara', '0365 3823 8312', 6, '2020-08-07', '01:26:09', '2023-03-03 05:29:55', '2023-03-03 05:29:55'),
(408, 'Hilda Padma Agustina', 'Jawa Timur', '(+62) 729 7289 434', 8, '1978-01-19', '12:32:08', '2023-03-03 05:29:55', '2023-03-03 05:29:55'),
(409, 'Padma Mila Novitasari S.E.', 'Kalimantan Selatan', '0917 9886 794', 7, '1978-07-10', '21:53:07', '2023-03-03 05:29:55', '2023-03-03 05:29:55'),
(410, 'Leo Galih Sihotang', 'Jawa Tengah', '(+62) 833 656 681', 4, '2017-08-14', '17:30:59', '2023-03-03 05:29:55', '2023-03-03 05:29:55'),
(411, 'Carla Astuti', 'Bengkulu', '(+62) 917 6613 474', 8, '2016-03-02', '08:38:47', '2023-03-03 05:29:55', '2023-03-03 05:29:55'),
(412, 'Darman Kurniawan', 'Sumatera Barat', '(+62) 749 8588 9454', 4, '2015-01-15', '04:14:25', '2023-03-03 05:29:55', '2023-03-03 05:29:55'),
(413, 'Carla Laksmiwati', 'Jawa Tengah', '(+62) 759 8019 392', 8, '2002-08-13', '04:06:19', '2023-03-03 05:29:55', '2023-03-03 05:29:55'),
(414, 'Malika Namaga', 'Jambi', '(+62) 351 0056 746', 6, '2015-09-05', '11:11:08', '2023-03-03 05:29:55', '2023-03-03 05:29:55'),
(415, 'Titin Purwanti', 'Kepulauan Riau', '023 7721 8635', 4, '2014-04-26', '16:36:00', '2023-03-03 05:29:55', '2023-03-03 05:29:55'),
(416, 'Hesti Wulandari', 'Banten', '(+62) 902 6131 2063', 4, '2004-08-19', '02:58:01', '2023-03-03 05:29:55', '2023-03-03 05:29:55'),
(417, 'Balamantri Pranowo', 'Kalimantan Barat', '(+62) 540 5545 485', 1, '1979-06-23', '06:06:56', '2023-03-03 05:29:55', '2023-03-03 05:29:55'),
(418, 'Banawi Lanang Maulana', 'Kalimantan Selatan', '(+62) 754 9469 5483', 8, '2017-06-25', '08:02:09', '2023-03-03 05:29:55', '2023-03-03 05:29:55'),
(419, 'Diah Ira Maryati M.Farm', 'Jawa Tengah', '(+62) 708 5933 500', 3, '1999-10-23', '01:58:51', '2023-03-03 05:29:55', '2023-03-03 05:29:55'),
(420, 'Vicky Eli Prastuti', 'Sulawesi Utara', '022 9109 8440', 8, '2010-02-02', '22:03:16', '2023-03-03 05:29:55', '2023-03-03 05:29:55'),
(421, 'Padma Ayu Hartati S.Gz', 'Sulawesi Selatan', '(+62) 318 8637 561', 10, '2017-08-10', '02:04:58', '2023-03-03 05:29:55', '2023-03-03 05:29:55'),
(422, 'Dian Wahyuni S.Sos', 'Sulawesi Barat', '(+62) 20 9548 282', 1, '1994-11-07', '08:48:59', '2023-03-03 05:29:55', '2023-03-03 05:29:55'),
(423, 'Diana Raina Pertiwi', 'Sumatera Barat', '0671 0613 8125', 10, '1990-05-21', '07:18:47', '2023-03-03 05:29:55', '2023-03-03 05:29:55'),
(424, 'Estiono Darmana Saragih S.Pd', 'Nusa Tenggara Barat', '(+62) 831 0812 493', 10, '1974-12-12', '16:54:42', '2023-03-03 05:29:55', '2023-03-03 05:29:55'),
(425, 'Aswani Raihan Firmansyah', 'Nusa Tenggara Timur', '0849 3242 7778', 7, '1985-05-12', '18:39:40', '2023-03-03 05:29:55', '2023-03-03 05:29:55'),
(426, 'Lalita Hariyah', 'Sulawesi Selatan', '(+62) 367 6649 2280', 6, '2015-11-14', '13:16:35', '2023-03-03 05:29:55', '2023-03-03 05:29:55'),
(427, 'Cakrajiya Prabowo', 'Kepulauan Riau', '(+62) 442 8581 486', 3, '1985-07-18', '08:45:50', '2023-03-03 05:29:55', '2023-03-03 05:29:55'),
(428, 'Gasti Zulaika', 'DKI Jakarta', '0454 5702 258', 6, '1993-04-24', '01:50:16', '2023-03-03 05:29:55', '2023-03-03 05:29:55'),
(429, 'Ajimat Dongoran S.Pt', 'Lampung', '(+62) 282 6776 4589', 2, '2022-10-27', '00:53:18', '2023-03-03 05:29:56', '2023-03-03 05:29:56'),
(430, 'Lamar Upik Zulkarnain', 'Maluku', '(+62) 850 5933 812', 3, '2018-10-13', '04:36:43', '2023-03-03 05:29:56', '2023-03-03 05:29:56'),
(431, 'Rahmi Pudjiastuti', 'Riau', '(+62) 488 6728 2003', 4, '1997-06-27', '09:49:45', '2023-03-03 05:29:56', '2023-03-03 05:29:56'),
(432, 'Cinthia Hassanah', 'Kepulauan Riau', '(+62) 836 293 550', 9, '2012-03-04', '20:16:49', '2023-03-03 05:29:56', '2023-03-03 05:29:56'),
(433, 'Ratna Usamah S.Pd', 'Sulawesi Utara', '(+62) 340 8052 3357', 7, '2003-07-29', '02:49:58', '2023-03-03 05:29:56', '2023-03-03 05:29:56'),
(434, 'Wulan Suryatmi', 'Sulawesi Utara', '023 0812 8613', 1, '2012-10-14', '04:53:10', '2023-03-03 05:29:56', '2023-03-03 05:29:56'),
(435, 'Marsudi Jamal Pratama', 'Sulawesi Barat', '0622 3751 556', 6, '1999-05-16', '07:38:33', '2023-03-03 05:29:56', '2023-03-03 05:29:56'),
(436, 'Hamima Dian Haryanti M.Farm', 'Lampung', '020 3803 454', 7, '1999-01-20', '02:57:40', '2023-03-03 05:29:56', '2023-03-03 05:29:56'),
(437, 'Zaenab Wulandari M.Kom.', 'Gorontalo', '0282 9751 4080', 8, '2017-07-16', '05:46:34', '2023-03-03 05:29:56', '2023-03-03 05:29:56'),
(438, 'Paramita Susanti', 'Sulawesi Selatan', '0949 0632 2114', 6, '2013-07-31', '23:16:19', '2023-03-03 05:29:56', '2023-03-03 05:29:56'),
(439, 'Gatra Narpati S.Kom', 'Sumatera Utara', '0408 7600 929', 5, '1985-03-09', '06:02:12', '2023-03-03 05:29:56', '2023-03-03 05:29:56'),
(440, 'Carub Siregar S.I.Kom', 'Aceh', '0875 549 432', 6, '1991-01-14', '16:57:32', '2023-03-03 05:29:56', '2023-03-03 05:29:56'),
(441, 'Candra Siregar', 'Jawa Timur', '0816 582 193', 2, '2009-09-14', '01:14:29', '2023-03-03 05:29:56', '2023-03-03 05:29:56'),
(442, 'Gandi Hidayanto', 'DI Yogyakarta', '0577 4851 8040', 7, '1988-01-02', '07:23:48', '2023-03-03 05:29:56', '2023-03-03 05:29:56'),
(443, 'Catur Thamrin', 'Sulawesi Selatan', '0744 7474 347', 8, '1989-05-22', '19:46:55', '2023-03-03 05:29:56', '2023-03-03 05:29:56'),
(444, 'Prayogo Lazuardi S.Pt', 'Nusa Tenggara Barat', '(+62) 21 2380 638', 6, '1974-11-08', '05:07:53', '2023-03-03 05:29:56', '2023-03-03 05:29:56'),
(445, 'Patricia Nasyiah S.Pd', 'Maluku', '(+62) 821 225 650', 4, '2019-07-03', '21:32:49', '2023-03-03 05:29:56', '2023-03-03 05:29:56'),
(446, 'Rangga Tamba', 'Kepulauan Riau', '(+62) 29 5116 188', 9, '2021-09-15', '01:16:01', '2023-03-03 05:29:56', '2023-03-03 05:29:56'),
(447, 'Jelita Novitasari', 'Sumatera Barat', '(+62) 820 041 473', 8, '1976-04-12', '04:56:23', '2023-03-03 05:29:56', '2023-03-03 05:29:56'),
(448, 'Jagaraga Sitompul', 'Banten', '0649 5323 7750', 8, '1974-12-05', '11:51:41', '2023-03-03 05:29:56', '2023-03-03 05:29:56'),
(449, 'Maimunah Indah Hariyah', 'Banten', '0990 8669 963', 10, '2019-02-22', '05:01:58', '2023-03-03 05:29:56', '2023-03-03 05:29:56'),
(450, 'Murti Kasiran Suwarno', 'Sumatera Selatan', '(+62) 641 8935 383', 4, '1992-03-22', '20:42:01', '2023-03-03 05:29:56', '2023-03-03 05:29:56'),
(451, 'Gilda Oliva Rahmawati S.H.', 'Gorontalo', '(+62) 715 4168 769', 5, '2001-04-22', '22:00:41', '2023-03-03 05:29:56', '2023-03-03 05:29:56'),
(452, 'Mala Aisyah Fujiati S.E.I', 'Riau', '0806 160 154', 1, '2017-07-27', '08:25:12', '2023-03-03 05:29:56', '2023-03-03 05:29:56'),
(453, 'Ira Riyanti S.E.', 'Banten', '(+62) 455 4809 842', 10, '1981-10-01', '11:14:57', '2023-03-03 05:29:56', '2023-03-03 05:29:56'),
(454, 'Usyi Novitasari', 'Kalimantan Barat', '(+62) 799 4907 6416', 8, '2012-02-14', '02:09:15', '2023-03-03 05:29:56', '2023-03-03 05:29:56'),
(455, 'Paulin Lala Nuraini S.Pd', 'Maluku', '(+62) 477 8074 378', 8, '2020-11-07', '00:12:35', '2023-03-03 05:29:56', '2023-03-03 05:29:56'),
(456, 'Irfan Maulana', 'Gorontalo', '020 1616 4623', 1, '1971-10-29', '20:53:11', '2023-03-03 05:29:56', '2023-03-03 05:29:56'),
(457, 'Galar Wijaya', 'Papua Barat', '(+62) 912 6743 447', 7, '2003-04-24', '00:13:55', '2023-03-03 05:29:56', '2023-03-03 05:29:56'),
(458, 'Nardi Maulana', 'Banten', '(+62) 798 0291 9458', 2, '1973-03-06', '01:02:48', '2023-03-03 05:29:56', '2023-03-03 05:29:56'),
(459, 'Eluh Sirait', 'Sumatera Barat', '(+62) 731 3709 013', 4, '1972-12-01', '20:45:34', '2023-03-03 05:29:56', '2023-03-03 05:29:56'),
(460, 'Jagapati Tamba', 'Sulawesi Selatan', '0728 2860 884', 8, '2022-03-16', '06:57:22', '2023-03-03 05:29:56', '2023-03-03 05:29:56'),
(461, 'Cakrabirawa Prabowo', 'Maluku Utara', '0889 822 793', 5, '1977-12-05', '01:54:39', '2023-03-03 05:29:56', '2023-03-03 05:29:56'),
(462, 'Eluh Suryono', 'Maluku', '0458 7240 305', 1, '1999-01-12', '05:59:02', '2023-03-03 05:29:56', '2023-03-03 05:29:56'),
(463, 'Darmaji Kuswoyo', 'Sumatera Utara', '(+62) 655 9646 0554', 3, '2006-12-24', '17:34:44', '2023-03-03 05:29:56', '2023-03-03 05:29:56'),
(464, 'Queen Yolanda M.Ak', 'Kalimantan Timur', '0294 1222 682', 3, '1986-09-29', '02:48:50', '2023-03-03 05:29:56', '2023-03-03 05:29:56'),
(465, 'Kairav Simbolon', 'Jawa Barat', '0635 6348 6741', 5, '1978-09-16', '18:55:16', '2023-03-03 05:29:56', '2023-03-03 05:29:56'),
(466, 'Novi Mayasari', 'Jawa Tengah', '0823 3711 4325', 3, '2022-08-21', '20:11:24', '2023-03-03 05:29:56', '2023-03-03 05:29:56'),
(467, 'Gambira Sabar Sihotang', 'Sulawesi Tengah', '0944 5836 0759', 7, '2011-01-07', '11:37:56', '2023-03-03 05:29:56', '2023-03-03 05:29:56'),
(468, 'Elma Palastri', 'Kepulauan Bangka Belitung', '(+62) 528 3380 3189', 6, '2011-05-17', '10:30:49', '2023-03-03 05:29:56', '2023-03-03 05:29:56'),
(469, 'Anita Juli Suryatmi', 'Kalimantan Timur', '0885 433 623', 2, '1970-08-27', '09:20:12', '2023-03-03 05:29:56', '2023-03-03 05:29:56'),
(470, 'Balijan Mustofa', 'Aceh', '(+62) 769 9820 302', 1, '1983-01-17', '09:01:44', '2023-03-03 05:29:56', '2023-03-03 05:29:56'),
(471, 'Humaira Wijayanti', 'Maluku Utara', '0867 929 715', 2, '1993-03-09', '07:07:03', '2023-03-03 05:29:56', '2023-03-03 05:29:56'),
(472, 'Puput Handayani', 'Jawa Barat', '(+62) 376 3182 3021', 3, '2005-08-26', '11:56:50', '2023-03-03 05:29:56', '2023-03-03 05:29:56'),
(473, 'Ajeng Farida', 'Sulawesi Tengah', '(+62) 949 2495 3155', 3, '2009-03-12', '12:49:20', '2023-03-03 05:29:56', '2023-03-03 05:29:56'),
(474, 'Kezia Anita Melani S.Ked', 'Sumatera Utara', '(+62) 646 6471 048', 6, '2018-11-24', '11:46:15', '2023-03-03 05:29:56', '2023-03-03 05:29:56'),
(475, 'Danuja Atma Mansur', 'Kalimantan Timur', '0570 8766 507', 5, '2022-11-25', '03:20:47', '2023-03-03 05:29:56', '2023-03-03 05:29:56'),
(476, 'Gamblang Harjo Habibi', 'Sumatera Utara', '0972 2253 3520', 10, '2014-06-10', '14:19:47', '2023-03-03 05:29:56', '2023-03-03 05:29:56'),
(477, 'Faizah Anggraini', 'Kepulauan Riau', '(+62) 793 2370 1950', 3, '1975-06-22', '10:56:18', '2023-03-03 05:29:56', '2023-03-03 05:29:56'),
(478, 'Limar Asmianto Hakim S.I.Kom', 'Sumatera Selatan', '0394 5573 485', 8, '2012-05-23', '09:52:43', '2023-03-03 05:29:56', '2023-03-03 05:29:56'),
(479, 'Bala Rafid Hutapea S.H.', 'Jawa Tengah', '0697 2191 647', 6, '1983-11-26', '17:51:07', '2023-03-03 05:29:56', '2023-03-03 05:29:56'),
(480, 'Chelsea Namaga', 'Sulawesi Selatan', '0702 1502 1772', 3, '1976-05-24', '16:47:15', '2023-03-03 05:29:56', '2023-03-03 05:29:56'),
(481, 'Oni Halimah', 'Riau', '(+62) 212 4887 223', 9, '1977-05-27', '01:37:00', '2023-03-03 05:29:56', '2023-03-03 05:29:56'),
(482, 'Warji Januar', 'Kepulauan Bangka Belitung', '0388 6027 153', 8, '2007-05-09', '21:44:35', '2023-03-03 05:29:56', '2023-03-03 05:29:56'),
(483, 'Nova Puspita', 'Sumatera Utara', '(+62) 25 8689 209', 7, '2015-11-11', '15:47:09', '2023-03-03 05:29:56', '2023-03-03 05:29:56'),
(484, 'Titi Kuswandari', 'Bali', '(+62) 829 972 249', 2, '1992-07-13', '06:58:07', '2023-03-03 05:29:56', '2023-03-03 05:29:56'),
(485, 'Nabila Kuswandari S.Kom', 'Maluku', '0851 973 276', 8, '2017-01-03', '11:19:44', '2023-03-03 05:29:56', '2023-03-03 05:29:56'),
(486, 'Restu Wijayanti S.E.I', 'Sumatera Barat', '0333 8347 7028', 8, '1982-06-20', '17:26:08', '2023-03-03 05:29:56', '2023-03-03 05:29:56'),
(487, 'Eluh Gandewa Prayoga', 'Kalimantan Barat', '0857 378 767', 5, '2015-09-25', '05:00:43', '2023-03-03 05:29:56', '2023-03-03 05:29:56'),
(488, 'Lintang Padmasari S.Gz', 'Jawa Barat', '(+62) 504 9929 271', 5, '2014-05-01', '19:53:50', '2023-03-03 05:29:56', '2023-03-03 05:29:56'),
(489, 'Lulut Lurhur Pradana', 'Gorontalo', '(+62) 811 4571 882', 7, '1972-10-11', '21:13:31', '2023-03-03 05:29:56', '2023-03-03 05:29:56'),
(490, 'Ajiono Sihotang', 'Banten', '(+62) 368 9825 573', 7, '2003-10-07', '22:52:11', '2023-03-03 05:29:56', '2023-03-03 05:29:56'),
(491, 'Tania Sabrina Wastuti S.Ked', 'Bali', '(+62) 541 0841 242', 10, '1995-01-20', '14:43:19', '2023-03-03 05:29:56', '2023-03-03 05:29:56'),
(492, 'Nasrullah Adhiarja Irawan', 'Jawa Timur', '(+62) 247 2993 549', 8, '1977-03-25', '21:55:06', '2023-03-03 05:29:56', '2023-03-03 05:29:56'),
(493, 'Ade Puspasari M.M.', 'Kalimantan Selatan', '(+62) 243 6036 066', 10, '1998-07-10', '19:33:11', '2023-03-03 05:29:56', '2023-03-03 05:29:56'),
(494, 'Maya Pertiwi S.Ked', 'Lampung', '0925 0801 5678', 6, '1991-03-05', '01:23:34', '2023-03-03 05:29:56', '2023-03-03 05:29:56'),
(495, 'Laksana Tampubolon', 'Papua Barat', '0952 4456 379', 1, '1990-05-10', '20:19:54', '2023-03-03 05:29:56', '2023-03-03 05:29:56'),
(496, 'Chelsea Nasyiah', 'Kepulauan Riau', '0945 0739 3094', 7, '1971-07-28', '09:51:06', '2023-03-03 05:29:56', '2023-03-03 05:29:56'),
(497, 'Melinda Andriani', 'Papua Barat', '0419 2450 8467', 8, '1989-11-22', '02:23:46', '2023-03-03 05:29:56', '2023-03-03 05:29:56'),
(498, 'Dian Laksmiwati', 'Sulawesi Barat', '0881 0248 172', 7, '1985-10-26', '06:19:52', '2023-03-03 05:29:56', '2023-03-03 05:29:56'),
(499, 'Arsipatra Wibowo S.Pt', 'Jawa Barat', '0215 3408 9456', 9, '1996-07-16', '08:26:32', '2023-03-03 05:29:56', '2023-03-03 05:29:56'),
(500, 'Ilsa Zaenab Oktaviani S.I.Kom', 'Sulawesi Tengah', '0745 1325 435', 5, '2005-05-24', '00:37:45', '2023-03-03 05:29:56', '2023-03-03 05:29:56'),
(501, 'Opung Hutagalung M.M.', 'Sulawesi Utara', '0471 0628 4132', 1, '2012-09-05', '13:51:05', '2023-03-03 05:29:56', '2023-03-03 05:29:56'),
(502, 'Padma Agustina', 'Papua Barat', '0874 3980 368', 3, '2018-04-10', '14:59:39', '2023-03-03 05:29:56', '2023-03-03 05:29:56'),
(503, 'Nardi Aswani Mustofa', 'Aceh', '(+62) 871 3083 6767', 2, '1980-07-04', '06:46:37', '2023-03-03 05:29:56', '2023-03-03 05:29:56'),
(504, 'Kacung Prakasa', 'Maluku Utara', '(+62) 801 333 827', 7, '2005-11-09', '22:29:55', '2023-03-03 05:29:56', '2023-03-03 05:29:56'),
(505, 'Baktianto Budiyanto', 'Papua Barat', '(+62) 838 3120 405', 8, '2013-01-24', '22:28:22', '2023-03-03 05:29:56', '2023-03-03 05:29:56'),
(506, 'Sakti Budiyanto', 'DKI Jakarta', '0250 9821 452', 2, '1992-01-22', '05:45:30', '2023-03-03 05:29:56', '2023-03-03 05:29:56'),
(507, 'Eja Kairav Kurniawan M.Pd', 'Sulawesi Utara', '0760 7801 474', 6, '2003-08-30', '03:46:34', '2023-03-03 05:29:56', '2023-03-03 05:29:56'),
(508, 'Samiah Gasti Nasyidah', 'Papua Barat', '0401 5346 668', 4, '1983-08-29', '07:35:00', '2023-03-03 05:29:56', '2023-03-03 05:29:56'),
(509, 'Ihsan Megantara', 'Lampung', '0621 5754 170', 1, '2017-08-06', '03:58:48', '2023-03-03 05:29:56', '2023-03-03 05:29:56'),
(510, 'Rina Puspasari', 'Jawa Timur', '0911 7102 7483', 6, '1992-05-21', '02:40:01', '2023-03-03 05:29:56', '2023-03-03 05:29:56'),
(511, 'Betania Nasyiah', 'Sumatera Selatan', '(+62) 854 4387 764', 9, '1991-04-26', '13:32:12', '2023-03-03 05:29:56', '2023-03-03 05:29:56'),
(512, 'Almira Kusmawati', 'Lampung', '(+62) 310 2353 7949', 6, '1984-04-01', '13:31:59', '2023-03-03 05:29:56', '2023-03-03 05:29:56'),
(513, 'Maya Pudjiastuti', 'Kepulauan Riau', '0251 7391 9254', 4, '2014-09-02', '14:02:28', '2023-03-03 05:29:56', '2023-03-03 05:29:56'),
(514, 'Aslijan Jumadi Uwais M.Kom.', 'Banten', '(+62) 20 0370 8629', 2, '2022-11-17', '14:24:19', '2023-03-03 05:29:56', '2023-03-03 05:29:56'),
(515, 'Galih Purwanto Rajata M.M.', 'Sumatera Selatan', '(+62) 235 7842 083', 8, '2006-04-09', '16:25:14', '2023-03-03 05:29:56', '2023-03-03 05:29:56'),
(516, 'Gamblang Samsul Irawan S.E.', 'Sumatera Barat', '(+62) 874 0695 5247', 1, '1980-11-29', '03:14:25', '2023-03-03 05:29:56', '2023-03-03 05:29:56'),
(517, 'Azalea Uyainah', 'DI Yogyakarta', '0915 0823 729', 8, '1994-11-08', '03:45:08', '2023-03-03 05:29:56', '2023-03-03 05:29:56'),
(518, 'Ami Kamila Lestari M.M.', 'Nusa Tenggara Barat', '(+62) 626 1240 704', 1, '2006-08-17', '13:32:13', '2023-03-03 05:29:56', '2023-03-03 05:29:56'),
(519, 'Wasis Eman Kurniawan M.TI.', 'Kalimantan Selatan', '0387 4339 4853', 9, '2015-10-25', '17:07:34', '2023-03-03 05:29:56', '2023-03-03 05:29:56'),
(520, 'Irwan Suwarno S.IP', 'Bengkulu', '0335 4077 0497', 5, '1992-10-16', '10:19:53', '2023-03-03 05:29:56', '2023-03-03 05:29:56'),
(521, 'Bala Sidiq Adriansyah', 'Kalimantan Tengah', '(+62) 525 4612 7055', 4, '1994-11-19', '07:01:17', '2023-03-03 05:29:56', '2023-03-03 05:29:56'),
(522, 'Rangga Lukman Dabukke', 'Kalimantan Utara', '0565 0764 017', 2, '1972-08-05', '13:27:53', '2023-03-03 05:29:56', '2023-03-03 05:29:56'),
(523, 'Ella Widiastuti', 'Sulawesi Utara', '0659 3450 4644', 4, '1985-03-07', '06:58:07', '2023-03-03 05:29:56', '2023-03-03 05:29:56'),
(524, 'Kania Laksmiwati S.T.', 'Gorontalo', '0272 1814 868', 2, '2022-08-23', '04:05:56', '2023-03-03 05:29:56', '2023-03-03 05:29:56'),
(525, 'Victoria Ajeng Utami', 'Sumatera Barat', '0399 2095 0664', 1, '1985-03-17', '03:52:50', '2023-03-03 05:29:56', '2023-03-03 05:29:56'),
(526, 'Cindy Laksmiwati', 'Papua Barat', '(+62) 439 3073 0855', 8, '2009-02-25', '02:38:58', '2023-03-03 05:29:56', '2023-03-03 05:29:56'),
(527, 'Maya Winarsih', 'Maluku', '(+62) 852 5445 895', 2, '2002-01-27', '15:19:49', '2023-03-03 05:29:56', '2023-03-03 05:29:56'),
(528, 'Kezia Dina Anggraini', 'Nusa Tenggara Barat', '(+62) 479 5691 4454', 1, '1978-03-03', '07:30:43', '2023-03-03 05:29:56', '2023-03-03 05:29:56'),
(529, 'Yulia Astuti', 'Aceh', '(+62) 821 874 685', 3, '1976-11-07', '00:49:28', '2023-03-03 05:29:56', '2023-03-03 05:29:56'),
(530, 'Liman Mursinin Sitompul', 'Riau', '(+62) 918 8197 467', 9, '1976-07-27', '04:58:22', '2023-03-03 05:29:56', '2023-03-03 05:29:56'),
(531, 'Yuliana Padmasari', 'Kalimantan Timur', '0769 6378 3049', 5, '1991-12-25', '08:43:46', '2023-03-03 05:29:56', '2023-03-03 05:29:56'),
(532, 'Harimurti Januar', 'Jawa Tengah', '(+62) 720 7767 283', 3, '1988-05-28', '13:30:02', '2023-03-03 05:29:56', '2023-03-03 05:29:56'),
(533, 'Farah Andriani', 'Riau', '0835 1663 253', 2, '1984-11-20', '05:55:04', '2023-03-03 05:29:56', '2023-03-03 05:29:56'),
(534, 'Sadina Wulandari', 'Kepulauan Riau', '0990 3526 342', 2, '2005-04-23', '12:12:27', '2023-03-03 05:29:56', '2023-03-03 05:29:56'),
(535, 'Caturangga Galur Salahudin', 'Kepulauan Bangka Belitung', '(+62) 599 6427 154', 4, '1995-08-24', '19:06:20', '2023-03-03 05:29:56', '2023-03-03 05:29:56'),
(536, 'Legawa Haryanto', 'Kepulauan Riau', '0849 123 355', 1, '2004-05-25', '01:03:26', '2023-03-03 05:29:56', '2023-03-03 05:29:56'),
(537, 'Edi Siregar', 'Sumatera Barat', '(+62) 281 6135 646', 6, '1988-12-16', '23:34:01', '2023-03-03 05:29:56', '2023-03-03 05:29:56'),
(538, 'Wani Mila Mayasari', 'Riau', '(+62) 809 647 251', 3, '2012-06-24', '16:04:08', '2023-03-03 05:29:56', '2023-03-03 05:29:56'),
(539, 'Cahya Nababan S.Pt', 'Kepulauan Riau', '0523 1330 6003', 2, '1979-08-17', '03:32:41', '2023-03-03 05:29:56', '2023-03-03 05:29:56'),
(540, 'Maryadi Megantara', 'Kalimantan Timur', '0412 6389 5186', 6, '2022-05-21', '17:46:35', '2023-03-03 05:29:56', '2023-03-03 05:29:56'),
(541, 'Carla Farida S.Pd', 'Jawa Barat', '024 1319 9065', 7, '1985-07-19', '18:12:23', '2023-03-03 05:29:56', '2023-03-03 05:29:56'),
(542, 'Ilyas Permadi', 'Banten', '(+62) 831 1803 346', 5, '1970-05-08', '04:36:22', '2023-03-03 05:29:56', '2023-03-03 05:29:56'),
(543, 'Bajragin Marpaung', 'Kalimantan Utara', '0735 6129 463', 4, '2017-10-14', '03:54:23', '2023-03-03 05:29:56', '2023-03-03 05:29:56'),
(544, 'Simon Bakiadi Widodo S.T.', 'Kalimantan Tengah', '021 4560 252', 5, '1981-03-10', '20:21:17', '2023-03-03 05:29:56', '2023-03-03 05:29:56'),
(545, 'Nardi Harsana Nashiruddin', 'Kalimantan Utara', '0728 2238 765', 2, '2021-01-05', '04:11:35', '2023-03-03 05:29:56', '2023-03-03 05:29:56'),
(546, 'Kezia Mandasari', 'Maluku', '0470 4188 0265', 8, '2014-07-08', '19:30:05', '2023-03-03 05:29:56', '2023-03-03 05:29:56'),
(547, 'Karna Nababan S.E.I', 'DI Yogyakarta', '027 5141 142', 5, '2010-02-13', '15:30:00', '2023-03-03 05:29:56', '2023-03-03 05:29:56'),
(548, 'Jamalia Rahayu', 'Riau', '0485 9454 770', 4, '2017-07-06', '19:27:19', '2023-03-03 05:29:56', '2023-03-03 05:29:56'),
(549, 'Bakiman Nugroho S.Kom', 'Jambi', '0487 8002 441', 5, '2017-02-01', '16:49:03', '2023-03-03 05:29:56', '2023-03-03 05:29:56'),
(550, 'Kamila Novitasari', 'Nusa Tenggara Timur', '(+62) 368 8150 621', 9, '1996-03-27', '21:14:08', '2023-03-03 05:29:56', '2023-03-03 05:29:56'),
(551, 'Hari Prayoga', 'Aceh', '0561 4103 590', 10, '1978-09-22', '10:43:50', '2023-03-03 05:29:56', '2023-03-03 05:29:56'),
(552, 'Kartika Lailasari', 'Kalimantan Tengah', '(+62) 247 5421 6540', 1, '2008-05-19', '22:03:24', '2023-03-03 05:29:56', '2023-03-03 05:29:56'),
(553, 'Narji Zulkarnain', 'Maluku', '(+62) 224 4619 872', 3, '2005-04-24', '07:27:59', '2023-03-03 05:29:56', '2023-03-03 05:29:56'),
(554, 'Caket Hidayanto S.T.', 'Kepulauan Bangka Belitung', '0999 3269 041', 1, '2017-03-29', '13:53:42', '2023-03-03 05:29:56', '2023-03-03 05:29:56'),
(555, 'Emas Respati Iswahyudi S.I.Kom', 'Kalimantan Timur', '(+62) 885 7954 2565', 2, '1994-07-26', '16:27:27', '2023-03-03 05:29:56', '2023-03-03 05:29:56'),
(556, 'Kartika Hastuti', 'Jawa Tengah', '(+62) 24 9769 879', 1, '2007-07-15', '23:50:47', '2023-03-03 05:29:56', '2023-03-03 05:29:56'),
(557, 'Raisa Puput Prastuti M.Farm', 'Aceh', '(+62) 359 8940 2097', 9, '2022-12-19', '16:01:06', '2023-03-03 05:29:56', '2023-03-03 05:29:56'),
(558, 'Sabrina Wastuti S.Psi', 'Sulawesi Selatan', '(+62) 867 3547 963', 4, '1973-02-08', '04:26:02', '2023-03-03 05:29:56', '2023-03-03 05:29:56'),
(559, 'Wirda Hilda Farida M.TI.', 'Kalimantan Barat', '0263 0145 7801', 8, '2018-01-05', '03:33:05', '2023-03-03 05:29:56', '2023-03-03 05:29:56'),
(560, 'Siska Aryani S.I.Kom', 'DKI Jakarta', '(+62) 623 8671 684', 6, '2000-12-30', '22:07:16', '2023-03-03 05:29:56', '2023-03-03 05:29:56'),
(561, 'Viktor Saptono', 'Jawa Barat', '0592 4705 8386', 4, '1991-12-26', '10:30:12', '2023-03-03 05:29:56', '2023-03-03 05:29:56'),
(562, 'Titin Laksmiwati', 'Lampung', '0589 9191 5446', 10, '1984-06-15', '11:17:05', '2023-03-03 05:29:56', '2023-03-03 05:29:56'),
(563, 'Emong Uwais', 'Jawa Tengah', '024 0910 428', 2, '2016-11-11', '02:21:58', '2023-03-03 05:29:56', '2023-03-03 05:29:56'),
(564, 'Wani Rika Halimah', 'Bali', '0313 0655 2694', 3, '1975-12-13', '16:06:29', '2023-03-03 05:29:56', '2023-03-03 05:29:56'),
(565, 'Tira Ida Sudiati S.E.', 'DI Yogyakarta', '0829 1877 750', 3, '1976-07-18', '09:05:44', '2023-03-03 05:29:56', '2023-03-03 05:29:56'),
(566, 'Eva Mardhiyah M.TI.', 'DKI Jakarta', '(+62) 291 7796 025', 7, '1993-05-01', '09:43:12', '2023-03-03 05:29:56', '2023-03-03 05:29:56'),
(567, 'Laswi Irwan Maulana', 'DKI Jakarta', '0206 5325 527', 2, '2002-06-28', '21:29:56', '2023-03-03 05:29:56', '2023-03-03 05:29:56'),
(568, 'Eja Adriansyah', 'Nusa Tenggara Barat', '(+62) 986 9942 3392', 3, '2018-02-22', '18:09:54', '2023-03-03 05:29:56', '2023-03-03 05:29:56'),
(569, 'Cayadi Haryanto', 'Nusa Tenggara Barat', '(+62) 828 2665 2518', 2, '1990-09-23', '16:45:01', '2023-03-03 05:29:56', '2023-03-03 05:29:56'),
(570, 'Ajeng Jasmin Hariyah S.Psi', 'Kalimantan Timur', '0810 8928 4316', 5, '1972-07-03', '16:39:50', '2023-03-03 05:29:56', '2023-03-03 05:29:56'),
(571, 'Maya Laksita', 'Sulawesi Selatan', '026 6374 175', 9, '1973-06-14', '15:56:40', '2023-03-03 05:29:56', '2023-03-03 05:29:56'),
(572, 'Zulaikha Suartini S.T.', 'Maluku Utara', '021 5264 439', 6, '1972-09-17', '08:20:10', '2023-03-03 05:29:56', '2023-03-03 05:29:56'),
(573, 'Najam Prakasa', 'Banten', '(+62) 826 332 254', 3, '1979-01-25', '19:41:45', '2023-03-03 05:29:56', '2023-03-03 05:29:56'),
(574, 'Paiman Damanik', 'Banten', '0379 2012 6930', 1, '2008-04-02', '02:35:07', '2023-03-03 05:29:56', '2023-03-03 05:29:56'),
(575, 'Kawaca Jaswadi Hardiansyah', 'Kepulauan Riau', '0290 1989 115', 9, '2009-11-13', '13:36:08', '2023-03-03 05:29:56', '2023-03-03 05:29:56'),
(576, 'Laila Laksmiwati', 'Kepulauan Riau', '(+62) 735 8664 8716', 2, '1982-06-05', '11:36:52', '2023-03-03 05:29:56', '2023-03-03 05:29:56'),
(577, 'Raden Mahendra', 'Nusa Tenggara Barat', '0368 0846 200', 6, '2004-12-19', '23:25:18', '2023-03-03 05:29:56', '2023-03-03 05:29:56'),
(578, 'Jail Latupono', 'Nusa Tenggara Barat', '(+62) 322 0340 7020', 3, '1977-02-21', '17:25:16', '2023-03-03 05:29:56', '2023-03-03 05:29:56'),
(579, 'Zizi Nuraini', 'Jawa Tengah', '(+62) 616 5267 765', 3, '2010-10-01', '15:45:29', '2023-03-03 05:29:56', '2023-03-03 05:29:56'),
(580, 'Hartaka Pranowo', 'DI Yogyakarta', '(+62) 641 5316 5213', 6, '2010-01-29', '21:17:14', '2023-03-03 05:29:56', '2023-03-03 05:29:56'),
(581, 'Laila Susanti', 'Maluku Utara', '(+62) 933 2770 2392', 10, '1996-05-05', '08:10:00', '2023-03-03 05:29:56', '2023-03-03 05:29:56'),
(582, 'Ihsan Samosir', 'Sulawesi Barat', '(+62) 29 7393 919', 7, '2010-01-25', '11:04:01', '2023-03-03 05:29:56', '2023-03-03 05:29:56'),
(583, 'Titi Uchita Susanti', 'Kalimantan Utara', '(+62) 864 8334 374', 4, '2018-07-27', '01:11:15', '2023-03-03 05:29:56', '2023-03-03 05:29:56'),
(584, 'Cahyanto Manullang S.T.', 'Papua', '(+62) 717 6441 968', 3, '1999-06-27', '06:52:24', '2023-03-03 05:29:56', '2023-03-03 05:29:56'),
(585, 'Calista Wirda Wastuti S.H.', 'Kepulauan Riau', '0440 9834 5065', 3, '1970-06-09', '20:58:23', '2023-03-03 05:29:56', '2023-03-03 05:29:56'),
(586, 'Vera Mulyani', 'Riau', '0433 1016 474', 1, '1984-04-04', '18:18:34', '2023-03-03 05:29:56', '2023-03-03 05:29:56'),
(587, 'Harsanto Ganep Maryadi', 'Gorontalo', '(+62) 24 7533 205', 1, '1980-07-08', '00:38:36', '2023-03-03 05:29:56', '2023-03-03 05:29:56'),
(588, 'Himawan Jayeng Maheswara S.E.', 'Sulawesi Utara', '(+62) 886 563 765', 2, '2004-10-04', '21:43:26', '2023-03-03 05:29:56', '2023-03-03 05:29:56'),
(589, 'Emas Mustofa', 'Jawa Tengah', '020 5890 686', 4, '2015-11-01', '12:42:57', '2023-03-03 05:29:56', '2023-03-03 05:29:56'),
(590, 'Puji Namaga', 'Aceh', '0894 2381 5629', 7, '1982-09-21', '07:21:30', '2023-03-03 05:29:56', '2023-03-03 05:29:56'),
(591, 'Diana Hasanah', 'DI Yogyakarta', '(+62) 535 1020 8918', 1, '1991-02-22', '05:52:40', '2023-03-03 05:29:56', '2023-03-03 05:29:56'),
(592, 'Gilda Sari Astuti', 'Kalimantan Timur', '(+62) 985 9354 668', 3, '1983-04-14', '00:10:59', '2023-03-03 05:29:56', '2023-03-03 05:29:56'),
(593, 'Lidya Wastuti', 'Sumatera Barat', '(+62) 843 0292 3013', 3, '2016-12-04', '05:44:52', '2023-03-03 05:29:56', '2023-03-03 05:29:56'),
(594, 'Limar Nainggolan', 'Jawa Barat', '(+62) 535 5583 142', 9, '2001-06-03', '16:47:44', '2023-03-03 05:29:56', '2023-03-03 05:29:56'),
(595, 'Anastasia Mardhiyah', 'Jambi', '0306 6498 2861', 7, '2002-03-05', '10:55:38', '2023-03-03 05:29:56', '2023-03-03 05:29:56'),
(596, 'Opan Irawan', 'Sumatera Utara', '(+62) 511 6575 8913', 5, '2002-10-14', '16:20:36', '2023-03-03 05:29:56', '2023-03-03 05:29:56'),
(597, 'Embuh Karsana Wasita', 'Jawa Barat', '0639 7043 864', 4, '2001-07-19', '11:05:45', '2023-03-03 05:29:56', '2023-03-03 05:29:56'),
(598, 'Uli Kuswandari', 'Riau', '0718 2496 812', 9, '1974-08-16', '05:09:20', '2023-03-03 05:29:56', '2023-03-03 05:29:56'),
(599, 'Balapati Hutapea', 'Maluku', '(+62) 299 1903 997', 7, '1978-08-09', '22:29:35', '2023-03-03 05:29:56', '2023-03-03 05:29:56'),
(600, 'Dirja Harto Mansur S.Ked', 'Sulawesi Selatan', '0250 5054 633', 7, '2000-02-27', '02:48:58', '2023-03-03 05:29:56', '2023-03-03 05:29:56'),
(601, 'Raditya Rajasa', 'Kalimantan Timur', '020 2872 537', 9, '1995-03-17', '13:32:10', '2023-03-03 05:29:56', '2023-03-03 05:29:56'),
(602, 'Halima Elma Rahmawati S.Farm', 'Sulawesi Tenggara', '(+62) 307 2301 6213', 8, '1983-11-22', '01:42:37', '2023-03-03 05:29:56', '2023-03-03 05:29:56'),
(603, 'Lala Nasyidah', 'Sulawesi Tenggara', '(+62) 658 8372 0656', 10, '2020-09-14', '04:20:10', '2023-03-03 05:29:56', '2023-03-03 05:29:56'),
(604, 'Utama Kuswoyo S.T.', 'Nusa Tenggara Timur', '0552 1045 880', 4, '1981-01-24', '04:41:21', '2023-03-03 05:29:56', '2023-03-03 05:29:56'),
(605, 'Kanda Firmansyah', 'Kalimantan Timur', '(+62) 735 0590 617', 1, '2004-08-27', '16:04:28', '2023-03-03 05:29:56', '2023-03-03 05:29:56'),
(606, 'Imam Ramadan', 'Jawa Tengah', '(+62) 731 2375 6988', 5, '2013-10-29', '12:23:48', '2023-03-03 05:29:56', '2023-03-03 05:29:56'),
(607, 'Dimaz Thamrin', 'Nusa Tenggara Timur', '0243 7233 327', 4, '1998-12-27', '16:35:20', '2023-03-03 05:29:56', '2023-03-03 05:29:56'),
(608, 'Cindy Utami', 'Riau', '0525 6541 830', 7, '2010-01-01', '00:31:19', '2023-03-03 05:29:56', '2023-03-03 05:29:56'),
(609, 'Elon Dimaz Mahendra M.Kom.', 'Banten', '0342 9396 787', 2, '2019-02-01', '14:49:07', '2023-03-03 05:29:56', '2023-03-03 05:29:56'),
(610, 'Zalindra Diah Mayasari S.T.', 'Kepulauan Riau', '0282 0312 736', 7, '2018-05-08', '18:25:18', '2023-03-03 05:29:56', '2023-03-03 05:29:56'),
(611, 'Mala Laksita', 'Bengkulu', '0770 5475 0907', 8, '1979-04-09', '19:37:14', '2023-03-03 05:29:56', '2023-03-03 05:29:56'),
(612, 'Jaya Hadi Maheswara S.IP', 'DI Yogyakarta', '0447 6871 9149', 8, '2005-07-14', '06:40:33', '2023-03-03 05:29:56', '2023-03-03 05:29:56'),
(613, 'Faizah Dalima Laksmiwati S.Gz', 'Kalimantan Tengah', '0533 8980 8018', 5, '1984-06-01', '14:37:11', '2023-03-03 05:29:56', '2023-03-03 05:29:56'),
(614, 'Gaduh Rahmat Wibisono', 'Kalimantan Timur', '(+62) 284 5061 5216', 7, '1971-02-02', '17:19:20', '2023-03-03 05:29:56', '2023-03-03 05:29:56'),
(615, 'Iriana Permata S.Pd', 'Aceh', '(+62) 456 1961 085', 9, '2008-07-28', '22:38:48', '2023-03-03 05:29:56', '2023-03-03 05:29:56'),
(616, 'Zelda Widiastuti', 'Riau', '(+62) 881 4359 5617', 3, '2004-05-23', '20:19:09', '2023-03-03 05:29:56', '2023-03-03 05:29:56'),
(617, 'Nadia Zulaika M.Ak', 'Sulawesi Barat', '0959 0677 813', 9, '2015-11-13', '05:49:50', '2023-03-03 05:29:56', '2023-03-03 05:29:56'),
(618, 'Gabriella Laksita S.Sos', 'Sulawesi Selatan', '029 2895 034', 10, '2022-12-03', '08:35:46', '2023-03-03 05:29:57', '2023-03-03 05:29:57'),
(619, 'Karimah Nurul Maryati M.Farm', 'Riau', '028 5401 399', 9, '2013-12-01', '16:54:45', '2023-03-03 05:29:57', '2023-03-03 05:29:57'),
(620, 'Septi Palastri S.E.I', 'Jawa Timur', '(+62) 267 3172 039', 9, '1982-10-22', '16:22:07', '2023-03-03 05:29:57', '2023-03-03 05:29:57'),
(621, 'Uchita Kuswandari', 'Aceh', '0557 1308 1510', 6, '2021-09-08', '07:02:21', '2023-03-03 05:29:57', '2023-03-03 05:29:57'),
(622, 'Yusuf Saragih', 'Sumatera Barat', '(+62) 627 2379 7281', 4, '1986-03-14', '08:22:09', '2023-03-03 05:29:57', '2023-03-03 05:29:57'),
(623, 'Tirtayasa Rahman Thamrin', 'Bengkulu', '(+62) 343 3776 860', 5, '2014-09-18', '20:53:19', '2023-03-03 05:29:57', '2023-03-03 05:29:57'),
(624, 'Nrima Daniswara Adriansyah S.Pt', 'Kalimantan Tengah', '(+62) 919 2023 8858', 3, '2006-05-22', '03:55:45', '2023-03-03 05:29:57', '2023-03-03 05:29:57'),
(625, 'Gilang Ade Sihotang', 'Jawa Timur', '(+62) 835 3805 990', 3, '1999-12-12', '23:02:10', '2023-03-03 05:29:57', '2023-03-03 05:29:57'),
(626, 'Yance Pratiwi', 'Jambi', '028 2770 9290', 10, '2004-06-15', '03:42:55', '2023-03-03 05:29:57', '2023-03-03 05:29:57'),
(627, 'Cornelia Padmasari S.Sos', 'Bengkulu', '0366 6734 3877', 8, '1992-06-01', '02:53:04', '2023-03-03 05:29:57', '2023-03-03 05:29:57'),
(628, 'Artawan Kusumo', 'Kalimantan Tengah', '(+62) 321 8648 6407', 9, '2008-05-25', '12:49:40', '2023-03-03 05:29:57', '2023-03-03 05:29:57'),
(629, 'Ratih Wirda Anggraini S.Pd', 'Bali', '024 8820 269', 1, '2022-01-04', '12:56:22', '2023-03-03 05:29:57', '2023-03-03 05:29:57'),
(630, 'Unggul Waskita S.Pd', 'Jambi', '(+62) 808 914 715', 7, '1993-04-16', '14:22:00', '2023-03-03 05:29:57', '2023-03-03 05:29:57'),
(631, 'Purwa Permadi', 'Sumatera Barat', '(+62) 941 2770 249', 4, '1980-10-23', '13:52:14', '2023-03-03 05:29:57', '2023-03-03 05:29:57'),
(632, 'Anastasia Fathonah Laksita', 'Sulawesi Tenggara', '0833 6054 054', 2, '2014-08-20', '18:14:55', '2023-03-03 05:29:57', '2023-03-03 05:29:57'),
(633, 'Soleh Latupono', 'Jambi', '(+62) 979 4640 279', 5, '2021-11-10', '19:17:43', '2023-03-03 05:29:57', '2023-03-03 05:29:57'),
(634, 'Surya Mursinin Megantara S.T.', 'Nusa Tenggara Timur', '(+62) 864 5160 083', 7, '1995-09-13', '16:11:09', '2023-03-03 05:29:57', '2023-03-03 05:29:57'),
(635, 'Halim Narpati S.Ked', 'Nusa Tenggara Barat', '0860 3591 7483', 2, '1997-08-21', '10:52:06', '2023-03-03 05:29:57', '2023-03-03 05:29:57'),
(636, 'Aswani Prasasta', 'Kalimantan Barat', '(+62) 800 7465 1090', 2, '1974-04-07', '03:05:54', '2023-03-03 05:29:57', '2023-03-03 05:29:57'),
(637, 'Cinthia Oktaviani', 'Sulawesi Tengah', '(+62) 852 2356 0088', 8, '1979-01-31', '00:29:24', '2023-03-03 05:29:57', '2023-03-03 05:29:57'),
(638, 'Martana Prasetyo', 'Papua', '(+62) 298 5132 8301', 6, '2021-05-21', '03:34:56', '2023-03-03 05:29:57', '2023-03-03 05:29:57'),
(639, 'Ira Laksmiwati', 'Sumatera Barat', '(+62) 24 8282 460', 8, '2012-08-30', '01:45:45', '2023-03-03 05:29:57', '2023-03-03 05:29:57'),
(640, 'Aisyah Novitasari', 'Kepulauan Riau', '(+62) 494 4992 490', 4, '1982-12-20', '06:31:21', '2023-03-03 05:29:57', '2023-03-03 05:29:57'),
(641, 'Ajimat Nababan', 'DI Yogyakarta', '(+62) 613 2011 9998', 1, '2003-03-16', '19:07:58', '2023-03-03 05:29:57', '2023-03-03 05:29:57'),
(642, 'Bahuwarna Samosir S.IP', 'Bengkulu', '(+62) 25 6384 8760', 9, '2005-09-27', '13:27:23', '2023-03-03 05:29:57', '2023-03-03 05:29:57'),
(643, 'Devi Mandasari S.Gz', 'Banten', '(+62) 26 8896 3905', 4, '1998-04-29', '14:40:11', '2023-03-03 05:29:57', '2023-03-03 05:29:57'),
(644, 'Zelaya Rahmi Aryani', 'Papua Barat', '(+62) 828 588 952', 2, '2010-06-19', '23:52:43', '2023-03-03 05:29:57', '2023-03-03 05:29:57'),
(645, 'Maria Padmasari', 'Kalimantan Timur', '0859 5469 179', 2, '1970-03-26', '17:25:55', '2023-03-03 05:29:57', '2023-03-03 05:29:57'),
(646, 'Hilda Riyanti', 'Aceh', '(+62) 442 9462 153', 9, '1987-05-22', '19:27:25', '2023-03-03 05:29:57', '2023-03-03 05:29:57'),
(647, 'Sabri Karman Mustofa S.T.', 'Sulawesi Selatan', '(+62) 782 0399 743', 4, '2018-12-04', '15:47:22', '2023-03-03 05:29:57', '2023-03-03 05:29:57'),
(648, 'Fathonah Puspita', 'Kalimantan Timur', '0720 3244 9427', 1, '1972-08-21', '17:00:48', '2023-03-03 05:29:57', '2023-03-03 05:29:57'),
(649, 'Sadina Pudjiastuti', 'Kalimantan Selatan', '0788 6436 372', 3, '2008-04-12', '16:30:10', '2023-03-03 05:29:57', '2023-03-03 05:29:57'),
(650, 'Dalima Riyanti', 'DKI Jakarta', '(+62) 864 5241 0538', 2, '2020-08-22', '00:18:46', '2023-03-03 05:29:57', '2023-03-03 05:29:57'),
(651, 'Timbul Siregar', 'Jawa Tengah', '0527 4380 9762', 1, '2013-02-21', '15:12:46', '2023-03-03 05:29:57', '2023-03-03 05:29:57'),
(652, 'Diana Hilda Susanti S.Ked', 'Gorontalo', '0636 5030 748', 7, '1990-08-26', '10:04:53', '2023-03-03 05:29:57', '2023-03-03 05:29:57'),
(653, 'Samsul Prabowo M.Ak', 'Sulawesi Tenggara', '021 1512 791', 4, '2018-10-17', '15:14:29', '2023-03-03 05:29:57', '2023-03-03 05:29:57'),
(654, 'Gambira Thamrin', 'Banten', '0796 5099 119', 8, '1980-06-04', '04:07:22', '2023-03-03 05:29:57', '2023-03-03 05:29:57'),
(655, 'Kemba Adriansyah', 'Sulawesi Selatan', '(+62) 531 2014 7571', 9, '2003-05-08', '14:20:48', '2023-03-03 05:29:57', '2023-03-03 05:29:57'),
(656, 'Yessi Novi Yolanda S.Farm', 'Sulawesi Tengah', '(+62) 653 9854 605', 2, '2016-03-03', '10:37:22', '2023-03-03 05:29:57', '2023-03-03 05:29:57'),
(657, 'Natalia Farah Nasyidah S.H.', 'Gorontalo', '0827 8386 9952', 9, '2002-07-01', '14:30:45', '2023-03-03 05:29:57', '2023-03-03 05:29:57'),
(658, 'Kardi Pranowo', 'Bengkulu', '(+62) 22 4263 325', 9, '2019-04-22', '21:55:19', '2023-03-03 05:29:57', '2023-03-03 05:29:57'),
(659, 'Latika Hartati', 'Sulawesi Selatan', '0427 5416 862', 2, '1976-03-09', '10:40:20', '2023-03-03 05:29:57', '2023-03-03 05:29:57'),
(660, 'Ida Elisa Aryani', 'Jawa Tengah', '(+62) 962 7987 341', 4, '2000-02-02', '06:31:15', '2023-03-03 05:29:57', '2023-03-03 05:29:57'),
(661, 'Jaiman Taufan Mangunsong', 'Kalimantan Barat', '(+62) 25 3196 239', 5, '1988-10-31', '23:53:45', '2023-03-03 05:29:57', '2023-03-03 05:29:57'),
(662, 'Dian Riyanti S.Ked', 'Papua Barat', '0851 7888 0019', 5, '2007-05-11', '14:16:19', '2023-03-03 05:29:57', '2023-03-03 05:29:57'),
(663, 'Harsanto Hasta Mansur M.M.', 'Kalimantan Tengah', '(+62) 21 1424 2699', 1, '1970-02-23', '20:31:51', '2023-03-03 05:29:57', '2023-03-03 05:29:57'),
(664, 'Prayoga Haryanto S.E.', 'Kalimantan Barat', '(+62) 362 0987 267', 3, '1996-02-16', '08:14:53', '2023-03-03 05:29:57', '2023-03-03 05:29:57'),
(665, 'Sabar Tamba M.Ak', 'Sulawesi Selatan', '0666 0222 5411', 7, '2019-06-13', '01:43:49', '2023-03-03 05:29:57', '2023-03-03 05:29:57'),
(666, 'Hani Melani', 'Sulawesi Tengah', '0448 3203 1757', 7, '1973-05-17', '02:54:38', '2023-03-03 05:29:57', '2023-03-03 05:29:57'),
(667, 'Gaduh Gunawan', 'Kalimantan Tengah', '(+62) 885 0531 4678', 3, '2010-09-30', '21:09:29', '2023-03-03 05:29:57', '2023-03-03 05:29:57'),
(668, 'Nalar Siregar M.TI.', 'Nusa Tenggara Timur', '(+62) 673 3605 780', 3, '1981-05-01', '06:37:39', '2023-03-03 05:29:57', '2023-03-03 05:29:57'),
(669, 'Bancar Mansur', 'Sulawesi Tenggara', '0593 4759 9768', 4, '2001-04-15', '07:46:39', '2023-03-03 05:29:57', '2023-03-03 05:29:57'),
(670, 'Vera Nuraini', 'Kalimantan Utara', '(+62) 255 6290 2488', 4, '1971-04-05', '12:52:07', '2023-03-03 05:29:57', '2023-03-03 05:29:57'),
(671, 'Yance Tari Zulaika', 'Kalimantan Utara', '(+62) 779 0211 918', 1, '2002-10-06', '02:57:04', '2023-03-03 05:29:57', '2023-03-03 05:29:57'),
(672, 'Pangestu Halim M.Kom.', 'Maluku', '0877 2184 569', 2, '1979-05-31', '12:45:00', '2023-03-03 05:29:57', '2023-03-03 05:29:57'),
(673, 'Hani Winarsih', 'Sulawesi Utara', '(+62) 799 1034 530', 5, '1980-01-27', '15:08:34', '2023-03-03 05:29:57', '2023-03-03 05:29:57'),
(674, 'Banawi Irwan Narpati', 'Sumatera Utara', '0309 7675 045', 6, '1996-07-23', '22:58:38', '2023-03-03 05:29:57', '2023-03-03 05:29:57'),
(675, 'Humaira Agnes Oktaviani', 'Sumatera Barat', '(+62) 649 0875 881', 9, '2015-04-08', '11:23:47', '2023-03-03 05:29:57', '2023-03-03 05:29:57'),
(676, 'Kairav Simbolon', 'Kalimantan Barat', '0502 9392 281', 3, '1986-07-05', '09:01:35', '2023-03-03 05:29:57', '2023-03-03 05:29:57'),
(677, 'Perkasa Prabowo S.I.Kom', 'DKI Jakarta', '(+62) 857 646 081', 7, '2006-01-28', '02:41:54', '2023-03-03 05:29:57', '2023-03-03 05:29:57'),
(678, 'Restu Uli Palastri', 'Jawa Tengah', '0579 2886 946', 7, '2009-08-27', '19:07:26', '2023-03-03 05:29:57', '2023-03-03 05:29:57'),
(679, 'Dewi Dian Yuliarti S.I.Kom', 'Maluku', '(+62) 860 3579 449', 10, '1999-08-13', '00:15:16', '2023-03-03 05:29:57', '2023-03-03 05:29:57'),
(680, 'Dalima Shania Padmasari', 'Jawa Barat', '(+62) 461 4934 2459', 2, '1972-10-26', '02:14:58', '2023-03-03 05:29:57', '2023-03-03 05:29:57'),
(681, 'Kezia Permata', 'DKI Jakarta', '025 9713 566', 1, '2009-04-16', '03:49:55', '2023-03-03 05:29:57', '2023-03-03 05:29:57'),
(682, 'Calista Padmasari', 'DI Yogyakarta', '0865 6134 032', 8, '2001-06-14', '03:55:06', '2023-03-03 05:29:57', '2023-03-03 05:29:57'),
(683, 'Putri Yance Mulyani S.Ked', 'Sulawesi Utara', '(+62) 552 7844 8366', 7, '1971-11-16', '09:36:02', '2023-03-03 05:29:57', '2023-03-03 05:29:57'),
(684, 'Liman Salahudin S.Ked', 'Nusa Tenggara Barat', '0390 3721 438', 10, '2001-12-09', '01:17:26', '2023-03-03 05:29:57', '2023-03-03 05:29:57'),
(685, 'Elma Puspasari', 'Sulawesi Utara', '(+62) 662 3446 4286', 7, '2004-03-25', '11:45:19', '2023-03-03 05:29:57', '2023-03-03 05:29:57'),
(686, 'Hasta Asirwanda Budiman', 'Nusa Tenggara Timur', '0562 7996 4308', 7, '1995-09-15', '18:25:43', '2023-03-03 05:29:57', '2023-03-03 05:29:57'),
(687, 'Sabri Mansur', 'Sulawesi Utara', '(+62) 576 6767 1999', 8, '1984-05-31', '20:30:36', '2023-03-03 05:29:57', '2023-03-03 05:29:57'),
(688, 'Irnanto Pangeran Saragih', 'Kalimantan Timur', '(+62) 482 8304 640', 6, '2017-08-15', '06:57:46', '2023-03-03 05:29:57', '2023-03-03 05:29:57'),
(689, 'Jessica Najwa Uyainah M.TI.', 'Sumatera Utara', '(+62) 498 4782 9316', 9, '2021-01-01', '07:53:10', '2023-03-03 05:29:57', '2023-03-03 05:29:57'),
(690, 'Dalima Zulaika', 'Jawa Tengah', '0488 3706 5126', 1, '2002-09-07', '04:10:34', '2023-03-03 05:29:57', '2023-03-03 05:29:57'),
(691, 'Estiono Pangestu S.IP', 'Papua', '0661 1641 6689', 5, '2017-06-14', '19:03:53', '2023-03-03 05:29:57', '2023-03-03 05:29:57'),
(692, 'Vega Pranawa Nainggolan', 'DKI Jakarta', '(+62) 29 4475 910', 6, '1978-10-13', '02:33:22', '2023-03-03 05:29:57', '2023-03-03 05:29:57'),
(693, 'Prima Dabukke', 'DI Yogyakarta', '0869 088 321', 2, '1976-10-20', '18:04:51', '2023-03-03 05:29:57', '2023-03-03 05:29:57'),
(694, 'Galiono Najmudin', 'Kalimantan Selatan', '021 4618 6910', 6, '2015-04-04', '14:45:03', '2023-03-03 05:29:57', '2023-03-03 05:29:57'),
(695, 'Sari Nuraini', 'Nusa Tenggara Barat', '(+62) 23 0398 022', 10, '1977-08-23', '15:32:14', '2023-03-03 05:29:57', '2023-03-03 05:29:57'),
(696, 'Siska Lailasari', 'Lampung', '(+62) 391 8091 1290', 8, '2020-12-17', '16:11:21', '2023-03-03 05:29:57', '2023-03-03 05:29:57'),
(697, 'Luluh Kurniawan', 'Sulawesi Barat', '(+62) 838 5085 193', 4, '1971-03-03', '02:22:10', '2023-03-03 05:29:57', '2023-03-03 05:29:57'),
(698, 'Ophelia Yolanda', 'Aceh', '0797 0618 274', 6, '1987-07-20', '00:59:24', '2023-03-03 05:29:57', '2023-03-03 05:29:57'),
(699, 'Cemeti Ajimin Firmansyah', 'Jawa Barat', '0866 818 916', 4, '1983-04-01', '03:12:47', '2023-03-03 05:29:57', '2023-03-03 05:29:57'),
(700, 'Vanya Nasyidah', 'Kalimantan Barat', '(+62) 595 0011 470', 9, '1981-07-07', '00:12:06', '2023-03-03 05:29:57', '2023-03-03 05:29:57'),
(701, 'Jarwi Waskita M.Pd', 'Sulawesi Tengah', '(+62) 280 4551 5800', 7, '2015-06-14', '07:34:23', '2023-03-03 05:29:57', '2023-03-03 05:29:57'),
(702, 'Endah Endah Astuti', 'Sulawesi Tengah', '0722 0391 3258', 2, '2009-05-20', '09:42:43', '2023-03-03 05:29:57', '2023-03-03 05:29:57'),
(703, 'Kayla Ulya Kuswandari', 'Maluku Utara', '(+62) 447 4768 160', 6, '2012-02-22', '16:06:21', '2023-03-03 05:29:57', '2023-03-03 05:29:57'),
(704, 'Asirwanda Ibrani Wibisono', 'Kepulauan Bangka Belitung', '0760 8680 888', 7, '2010-01-18', '01:19:45', '2023-03-03 05:29:57', '2023-03-03 05:29:57'),
(705, 'Laksana Bala Rajasa M.TI.', 'Bengkulu', '0376 3806 442', 10, '2011-08-29', '14:16:11', '2023-03-03 05:29:57', '2023-03-03 05:29:57'),
(706, 'Elon Pangestu', 'Sulawesi Barat', '0598 1934 978', 6, '2019-05-06', '21:17:21', '2023-03-03 05:29:57', '2023-03-03 05:29:57'),
(707, 'Ellis Najwa Farida', 'Maluku', '025 6325 1330', 4, '1995-04-22', '01:06:26', '2023-03-03 05:29:57', '2023-03-03 05:29:57'),
(708, 'Kasiyah Suryatmi', 'Gorontalo', '0847 7744 725', 5, '2022-01-29', '20:01:54', '2023-03-03 05:29:57', '2023-03-03 05:29:57'),
(709, 'Labuh Wijaya', 'Nusa Tenggara Barat', '0856 8970 3296', 6, '2019-07-08', '11:50:24', '2023-03-03 05:29:57', '2023-03-03 05:29:57'),
(710, 'Lamar Winarno', 'Gorontalo', '(+62) 902 8984 808', 8, '1981-12-12', '04:32:35', '2023-03-03 05:29:57', '2023-03-03 05:29:57'),
(711, 'Sabar Setiawan', 'Sulawesi Tenggara', '0559 2902 331', 7, '1992-11-22', '05:43:56', '2023-03-03 05:29:57', '2023-03-03 05:29:57'),
(712, 'Artawan Prasasta S.H.', 'Lampung', '(+62) 329 1766 2227', 6, '2019-04-15', '21:28:18', '2023-03-03 05:29:57', '2023-03-03 05:29:57'),
(713, 'Cornelia Prastuti', 'Kalimantan Barat', '0205 3435 903', 1, '1985-08-29', '06:56:46', '2023-03-03 05:29:57', '2023-03-03 05:29:57'),
(714, 'Ani Yolanda M.Ak', 'Sulawesi Tenggara', '(+62) 755 5951 4289', 9, '2001-12-26', '16:39:17', '2023-03-03 05:29:57', '2023-03-03 05:29:57'),
(715, 'Silvia Fitriani Anggraini S.I.Kom', 'Jawa Timur', '0603 3922 2739', 2, '1999-02-02', '08:34:23', '2023-03-03 05:29:57', '2023-03-03 05:29:57'),
(716, 'Luis Sihombing', 'Kalimantan Timur', '(+62) 876 7653 717', 3, '2018-12-16', '11:54:34', '2023-03-03 05:29:57', '2023-03-03 05:29:57'),
(717, 'Hasta Samosir', 'Sulawesi Tengah', '0703 0649 9350', 2, '1978-03-29', '23:49:08', '2023-03-03 05:29:57', '2023-03-03 05:29:57'),
(718, 'Cawisadi Gara Kuswoyo S.Sos', 'Sulawesi Selatan', '0831 4877 9193', 5, '1997-09-18', '10:22:02', '2023-03-03 05:29:57', '2023-03-03 05:29:57'),
(719, 'Lili Purnawati S.E.', 'Riau', '(+62) 914 5025 556', 7, '2017-02-07', '09:09:05', '2023-03-03 05:29:57', '2023-03-03 05:29:57');
INSERT INTO `tamus` (`id`, `nama_lengkap`, `alamat`, `no_hp`, `event_id`, `tanggal`, `waktu`, `created_at`, `updated_at`) VALUES
(720, 'Karimah Ika Mayasari S.H.', 'Gorontalo', '(+62) 858 8806 908', 1, '1971-04-22', '08:50:08', '2023-03-03 05:29:57', '2023-03-03 05:29:57'),
(721, 'Malik Prasetyo S.I.Kom', 'Jawa Timur', '(+62) 612 9237 473', 4, '1999-03-14', '12:19:23', '2023-03-03 05:29:57', '2023-03-03 05:29:57'),
(722, 'Timbul Gatra Pranowo S.Gz', 'Papua Barat', '(+62) 669 8664 0820', 1, '1981-09-17', '20:09:22', '2023-03-03 05:29:57', '2023-03-03 05:29:57'),
(723, 'Aslijan Marbun', 'Sulawesi Tenggara', '(+62) 441 4491 595', 9, '2000-07-14', '16:17:20', '2023-03-03 05:29:57', '2023-03-03 05:29:57'),
(724, 'Rafid Indra Wijaya', 'Gorontalo', '0810 0832 438', 8, '1986-08-09', '18:57:03', '2023-03-03 05:29:57', '2023-03-03 05:29:57'),
(725, 'Chelsea Indah Andriani', 'Papua Barat', '0406 8459 992', 4, '1986-04-07', '06:59:54', '2023-03-03 05:29:57', '2023-03-03 05:29:57'),
(726, 'Lurhur Prayoga', 'Gorontalo', '0558 9577 8444', 1, '1981-08-24', '14:22:11', '2023-03-03 05:29:57', '2023-03-03 05:29:57'),
(727, 'Raisa Usamah', 'Jawa Timur', '(+62) 365 9013 052', 3, '1979-04-30', '12:28:27', '2023-03-03 05:29:57', '2023-03-03 05:29:57'),
(728, 'Elvina Utami', 'Kalimantan Utara', '(+62) 540 1253 1801', 2, '2006-03-02', '22:41:33', '2023-03-03 05:29:57', '2023-03-03 05:29:57'),
(729, 'Wani Yulianti', 'Gorontalo', '(+62) 233 6930 8154', 10, '1989-10-06', '09:52:41', '2023-03-03 05:29:57', '2023-03-03 05:29:57'),
(730, 'Kambali Suwarno', 'Jawa Timur', '0255 9723 804', 10, '1975-01-22', '20:34:54', '2023-03-03 05:29:57', '2023-03-03 05:29:57'),
(731, 'Leo Marpaung', 'Sumatera Selatan', '0712 3776 565', 1, '2013-11-29', '05:02:34', '2023-03-03 05:29:57', '2023-03-03 05:29:57'),
(732, 'Gina Queen Wahyuni M.TI.', 'Sulawesi Tengah', '(+62) 953 5154 540', 5, '2008-12-21', '21:29:57', '2023-03-03 05:29:57', '2023-03-03 05:29:57'),
(733, 'Prima Sihombing', 'Riau', '0220 7116 5647', 5, '2007-07-23', '03:15:16', '2023-03-03 05:29:57', '2023-03-03 05:29:57'),
(734, 'Agnes Novitasari', 'DKI Jakarta', '0842 1648 1477', 6, '1993-01-28', '05:41:19', '2023-03-03 05:29:57', '2023-03-03 05:29:57'),
(735, 'Lukman Widodo', 'Sumatera Utara', '(+62) 29 8335 5472', 4, '1973-07-14', '13:18:30', '2023-03-03 05:29:57', '2023-03-03 05:29:57'),
(736, 'Aurora Paulin Uyainah S.Psi', 'Nusa Tenggara Barat', '(+62) 26 6312 9839', 10, '1984-06-17', '06:06:24', '2023-03-03 05:29:57', '2023-03-03 05:29:57'),
(737, 'Samiah Astuti', 'Sulawesi Barat', '(+62) 640 7171 1824', 1, '1997-03-06', '08:44:44', '2023-03-03 05:29:57', '2023-03-03 05:29:57'),
(738, 'Silvia Usamah S.Sos', 'Aceh', '0815 4885 0821', 2, '1986-06-09', '17:23:20', '2023-03-03 05:29:57', '2023-03-03 05:29:57'),
(739, 'Okto Wacana', 'Sulawesi Tenggara', '(+62) 310 3236 986', 8, '1971-10-27', '19:07:18', '2023-03-03 05:29:57', '2023-03-03 05:29:57'),
(740, 'Eka Ratna Usamah', 'Jawa Tengah', '(+62) 303 9745 9306', 10, '1998-12-28', '23:30:56', '2023-03-03 05:29:57', '2023-03-03 05:29:57'),
(741, 'Atmaja Waluyo Ardianto', 'Banten', '0535 4735 6147', 9, '1986-04-27', '22:20:45', '2023-03-03 05:29:57', '2023-03-03 05:29:57'),
(742, 'Baktianto Hutapea', 'Kepulauan Riau', '0981 3867 4710', 5, '1976-04-13', '23:56:45', '2023-03-03 05:29:57', '2023-03-03 05:29:57'),
(743, 'Jessica Zaenab Rahimah', 'Jambi', '(+62) 28 2271 9516', 9, '1997-01-22', '18:47:55', '2023-03-03 05:29:57', '2023-03-03 05:29:57'),
(744, 'Hendri Suwarno', 'Jawa Tengah', '(+62) 821 415 474', 2, '1982-11-24', '23:22:44', '2023-03-03 05:29:57', '2023-03-03 05:29:57'),
(745, 'Ajeng Usamah S.Pd', 'Jawa Timur', '0941 5451 358', 3, '2019-09-02', '05:21:43', '2023-03-03 05:29:57', '2023-03-03 05:29:57'),
(746, 'Bakiman Ardianto', 'Jawa Timur', '0971 6307 676', 5, '1996-05-06', '18:28:39', '2023-03-03 05:29:57', '2023-03-03 05:29:57'),
(747, 'Lalita Gabriella Puspasari S.H.', 'Sumatera Selatan', '(+62) 827 756 051', 7, '1990-08-03', '03:24:25', '2023-03-03 05:29:57', '2023-03-03 05:29:57'),
(748, 'Clara Sari Susanti', 'Lampung', '0807 6154 281', 5, '2019-04-17', '18:23:33', '2023-03-03 05:29:57', '2023-03-03 05:29:57'),
(749, 'Chelsea Syahrini Mardhiyah M.Pd', 'Bali', '0932 8077 984', 6, '2016-10-14', '02:54:26', '2023-03-03 05:29:57', '2023-03-03 05:29:57'),
(750, 'Lembah Rajata', 'Jawa Barat', '0257 2976 5228', 6, '2016-07-09', '02:35:03', '2023-03-03 05:29:57', '2023-03-03 05:29:57'),
(751, 'Kanda Aditya Rajata S.Farm', 'Papua', '(+62) 422 1245 5314', 3, '1982-12-09', '09:00:34', '2023-03-03 05:29:57', '2023-03-03 05:29:57'),
(752, 'Nilam Yolanda', 'Jambi', '0949 2927 964', 8, '1983-05-30', '20:38:13', '2023-03-03 05:29:57', '2023-03-03 05:29:57'),
(753, 'Cindy Susanti', 'Lampung', '0749 6937 409', 1, '1981-03-20', '21:13:36', '2023-03-03 05:29:57', '2023-03-03 05:29:57'),
(754, 'Hadi Mujur Prasetya', 'Jawa Timur', '0833 071 217', 10, '2015-06-27', '07:50:53', '2023-03-03 05:29:57', '2023-03-03 05:29:57'),
(755, 'Opung Tamba', 'Kalimantan Barat', '0508 3697 697', 10, '2002-09-13', '09:08:39', '2023-03-03 05:29:57', '2023-03-03 05:29:57'),
(756, 'Cinthia Puspa Andriani', 'Bali', '0240 4573 642', 5, '1976-12-09', '03:58:12', '2023-03-03 05:29:57', '2023-03-03 05:29:57'),
(757, 'Bakda Natsir M.Ak', 'Banten', '(+62) 735 3652 5661', 4, '1989-01-12', '01:52:45', '2023-03-03 05:29:57', '2023-03-03 05:29:57'),
(758, 'Caket Sirait', 'DI Yogyakarta', '0840 017 265', 4, '1983-06-24', '02:01:02', '2023-03-03 05:29:57', '2023-03-03 05:29:57'),
(759, 'Dwi Cakrawangsa Wijaya', 'Jawa Timur', '0841 5838 432', 7, '2018-01-08', '21:08:53', '2023-03-03 05:29:57', '2023-03-03 05:29:57'),
(760, 'Harimurti Rosman Winarno S.E.I', 'Nusa Tenggara Barat', '(+62) 839 5589 4822', 10, '1975-05-12', '17:28:18', '2023-03-03 05:29:57', '2023-03-03 05:29:57'),
(761, 'Septi Yulianti', 'Sumatera Selatan', '(+62) 320 7799 9305', 4, '1972-09-05', '13:19:00', '2023-03-03 05:29:57', '2023-03-03 05:29:57'),
(762, 'Tantri Mardhiyah', 'Bengkulu', '(+62) 330 6442 4086', 6, '2007-07-21', '07:21:09', '2023-03-03 05:29:57', '2023-03-03 05:29:57'),
(763, 'Ira Zalindra Maryati', 'Riau', '(+62) 280 4471 5688', 8, '2014-12-25', '18:31:49', '2023-03-03 05:29:57', '2023-03-03 05:29:57'),
(764, 'Asmadi Thamrin', 'Sulawesi Tengah', '(+62) 721 6592 9932', 8, '1979-09-15', '04:34:20', '2023-03-03 05:29:57', '2023-03-03 05:29:57'),
(765, 'Devi Sudiati S.Gz', 'Nusa Tenggara Timur', '(+62) 202 4404 529', 2, '1986-04-14', '17:49:58', '2023-03-03 05:29:57', '2023-03-03 05:29:57'),
(766, 'Jane Riyanti', 'Gorontalo', '(+62) 502 8027 5428', 10, '2008-12-06', '07:59:37', '2023-03-03 05:29:57', '2023-03-03 05:29:57'),
(767, 'Pardi Capa Pratama M.Kom.', 'DI Yogyakarta', '(+62) 750 0916 2685', 8, '1972-06-20', '10:20:06', '2023-03-03 05:29:57', '2023-03-03 05:29:57'),
(768, 'Qori Usamah', 'Bengkulu', '0284 7134 153', 2, '2012-11-05', '12:42:01', '2023-03-03 05:29:57', '2023-03-03 05:29:57'),
(769, 'Melinda Hasanah M.M.', 'Sulawesi Tenggara', '021 8525 108', 10, '1992-03-07', '20:58:32', '2023-03-03 05:29:57', '2023-03-03 05:29:57'),
(770, 'Jumari Habibi', 'Kalimantan Selatan', '029 0303 748', 10, '1979-01-29', '20:09:52', '2023-03-03 05:29:57', '2023-03-03 05:29:57'),
(771, 'Cahyadi Hartaka Mandala S.Farm', 'Papua Barat', '(+62) 824 2060 0957', 7, '1975-08-19', '00:10:01', '2023-03-03 05:29:57', '2023-03-03 05:29:57'),
(772, 'Wahyu Hidayat', 'Jawa Tengah', '0590 0768 363', 5, '1982-02-13', '20:52:19', '2023-03-03 05:29:57', '2023-03-03 05:29:57'),
(773, 'Salwa Lailasari', 'Lampung', '(+62) 629 6201 2577', 1, '1999-04-03', '00:27:31', '2023-03-03 05:29:57', '2023-03-03 05:29:57'),
(774, 'Tantri Wastuti S.Gz', 'Banten', '(+62) 859 1250 1742', 10, '1989-10-27', '19:12:50', '2023-03-03 05:29:57', '2023-03-03 05:29:57'),
(775, 'Siska Ulya Agustina S.I.Kom', 'Kepulauan Riau', '(+62) 650 0167 0696', 10, '2012-02-12', '06:02:39', '2023-03-03 05:29:57', '2023-03-03 05:29:57'),
(776, 'Pia Lailasari S.E.', 'Gorontalo', '0804 952 165', 9, '2010-06-02', '07:13:57', '2023-03-03 05:29:57', '2023-03-03 05:29:57'),
(777, 'Tira Laksita', 'Maluku', '(+62) 206 8278 3278', 3, '1981-06-20', '16:21:38', '2023-03-03 05:29:57', '2023-03-03 05:29:57'),
(778, 'Salsabila Handayani', 'Gorontalo', '0590 4908 935', 5, '2000-02-01', '12:52:40', '2023-03-03 05:29:57', '2023-03-03 05:29:57'),
(779, 'Zalindra Elma Usada S.Ked', 'Papua', '0223 7187 7753', 9, '1991-11-06', '01:01:00', '2023-03-03 05:29:57', '2023-03-03 05:29:57'),
(780, 'Wage Simanjuntak S.E.', 'DI Yogyakarta', '(+62) 25 2258 0514', 1, '1993-11-17', '14:31:59', '2023-03-03 05:29:57', '2023-03-03 05:29:57'),
(781, 'Malik Mustofa', 'Jawa Timur', '(+62) 544 3276 896', 5, '1977-11-22', '19:49:27', '2023-03-03 05:29:57', '2023-03-03 05:29:57'),
(782, 'Hilda Juli Rahayu', 'Jawa Barat', '0873 399 151', 1, '1976-05-29', '20:01:07', '2023-03-03 05:29:57', '2023-03-03 05:29:57'),
(783, 'Teguh Perkasa Permadi', 'Sulawesi Tengah', '0683 2030 961', 6, '2017-03-02', '05:27:44', '2023-03-03 05:29:57', '2023-03-03 05:29:57'),
(784, 'Panca Natsir', 'Jawa Timur', '0875 1305 6498', 7, '2020-12-02', '01:30:46', '2023-03-03 05:29:57', '2023-03-03 05:29:57'),
(785, 'Kasiyah Permata', 'Sulawesi Tengah', '0989 1536 5868', 10, '1992-02-06', '02:03:49', '2023-03-03 05:29:57', '2023-03-03 05:29:57'),
(786, 'Bagiya Ibrani Tarihoran', 'Jambi', '(+62) 862 167 759', 9, '2009-05-30', '18:42:41', '2023-03-03 05:29:57', '2023-03-03 05:29:57'),
(787, 'Jane Nuraini', 'Kepulauan Bangka Belitung', '0888 426 441', 3, '2003-02-16', '19:51:37', '2023-03-03 05:29:57', '2023-03-03 05:29:57'),
(788, 'Daryani Jayadi Napitupulu', 'DI Yogyakarta', '(+62) 250 6534 946', 7, '1971-10-13', '21:27:19', '2023-03-03 05:29:57', '2023-03-03 05:29:57'),
(789, 'Ulva Maryati S.Farm', 'Gorontalo', '0922 9622 3279', 8, '2011-08-09', '11:55:58', '2023-03-03 05:29:57', '2023-03-03 05:29:57'),
(790, 'Raden Kusumo', 'Lampung', '(+62) 619 1177 9068', 10, '1991-07-15', '23:02:52', '2023-03-03 05:29:57', '2023-03-03 05:29:57'),
(791, 'Asman Utama', 'Bali', '(+62) 493 1864 568', 8, '1981-04-27', '20:27:30', '2023-03-03 05:29:57', '2023-03-03 05:29:57'),
(792, 'Malika Tantri Rahimah', 'Nusa Tenggara Barat', '(+62) 895 304 632', 3, '1981-04-12', '12:13:54', '2023-03-03 05:29:57', '2023-03-03 05:29:57'),
(793, 'Ulya Ani Suryatmi M.Ak', 'Kalimantan Utara', '(+62) 998 2616 5197', 2, '2003-05-23', '07:33:35', '2023-03-03 05:29:57', '2023-03-03 05:29:57'),
(794, 'Gilang Karsana Prasasta', 'Nusa Tenggara Barat', '020 5172 0459', 6, '1976-09-29', '06:20:41', '2023-03-03 05:29:57', '2023-03-03 05:29:57'),
(795, 'Maya Padmasari M.Kom.', 'Kepulauan Riau', '(+62) 287 0748 6975', 7, '2018-03-15', '01:54:24', '2023-03-03 05:29:57', '2023-03-03 05:29:57'),
(796, 'Ibrani Gunawan S.Farm', 'Sulawesi Utara', '(+62) 370 4489 0616', 2, '1998-02-09', '04:02:19', '2023-03-03 05:29:57', '2023-03-03 05:29:57'),
(797, 'Ida Rahayu', 'Kalimantan Tengah', '(+62) 566 5773 702', 6, '1998-10-16', '23:25:33', '2023-03-03 05:29:57', '2023-03-03 05:29:57'),
(798, 'Paulin Handayani', 'Aceh', '0520 4613 9461', 6, '1971-09-20', '07:16:28', '2023-03-03 05:29:57', '2023-03-03 05:29:57'),
(799, 'Tasnim Hardiansyah', 'Nusa Tenggara Timur', '0740 1079 0697', 8, '2002-04-11', '17:51:16', '2023-03-03 05:29:57', '2023-03-03 05:29:57'),
(800, 'Zelda Unjani Mayasari S.E.I', 'Nusa Tenggara Barat', '0482 9546 458', 5, '2016-02-12', '21:23:34', '2023-03-03 05:29:57', '2023-03-03 05:29:57'),
(801, 'Salwa Queen Suryatmi', 'Sumatera Barat', '(+62) 771 9038 861', 4, '1980-01-03', '08:46:18', '2023-03-03 05:29:57', '2023-03-03 05:29:57'),
(802, 'Wani Kezia Lestari', 'Sulawesi Tenggara', '0675 6365 2879', 2, '1973-12-07', '10:45:58', '2023-03-03 05:29:57', '2023-03-03 05:29:57'),
(803, 'Artanto Marbun', 'Aceh', '(+62) 306 5612 747', 10, '2013-02-22', '01:59:54', '2023-03-03 05:29:57', '2023-03-03 05:29:57'),
(804, 'Emong Rendy Prasetyo', 'Nusa Tenggara Barat', '0454 1629 599', 3, '2000-07-08', '05:34:05', '2023-03-03 05:29:58', '2023-03-03 05:29:58'),
(805, 'Mitra Tampubolon', 'Bengkulu', '0347 4197 647', 6, '2023-02-04', '00:26:24', '2023-03-03 05:29:58', '2023-03-03 05:29:58'),
(806, 'Jaka Tri Siregar', 'Kalimantan Utara', '0557 1585 8584', 9, '1993-12-22', '04:15:03', '2023-03-03 05:29:58', '2023-03-03 05:29:58'),
(807, 'Ibun Saefullah', 'Kalimantan Timur', '(+62) 894 9780 841', 9, '2002-04-06', '17:24:35', '2023-03-03 05:29:58', '2023-03-03 05:29:58'),
(808, 'Irsad Gangsa Widodo', 'Lampung', '(+62) 717 4630 8357', 10, '2018-01-29', '06:16:25', '2023-03-03 05:29:58', '2023-03-03 05:29:58'),
(809, 'Oni Widiastuti', 'Sumatera Utara', '(+62) 308 2094 3655', 2, '1995-01-21', '07:41:56', '2023-03-03 05:29:58', '2023-03-03 05:29:58'),
(810, 'Lanang Thamrin', 'Kalimantan Selatan', '(+62) 21 6973 034', 7, '1975-11-29', '11:44:01', '2023-03-03 05:29:58', '2023-03-03 05:29:58'),
(811, 'Lurhur Prakasa', 'Kepulauan Bangka Belitung', '(+62) 23 1891 585', 3, '1979-01-28', '10:48:33', '2023-03-03 05:29:58', '2023-03-03 05:29:58'),
(812, 'Amalia Farida S.Farm', 'DI Yogyakarta', '(+62) 764 2400 8828', 2, '1990-04-09', '15:08:01', '2023-03-03 05:29:58', '2023-03-03 05:29:58'),
(813, 'Jessica Mayasari', 'Maluku Utara', '0334 2520 051', 3, '1990-06-09', '04:53:44', '2023-03-03 05:29:58', '2023-03-03 05:29:58'),
(814, 'Dacin Lazuardi', 'Maluku', '(+62) 357 3129 513', 6, '2012-06-18', '11:50:44', '2023-03-03 05:29:58', '2023-03-03 05:29:58'),
(815, 'Syahrini Hartati', 'DI Yogyakarta', '029 9328 8445', 7, '1999-10-30', '20:32:37', '2023-03-03 05:29:58', '2023-03-03 05:29:58'),
(816, 'Tantri Andriani M.Farm', 'Kalimantan Tengah', '0580 6736 9419', 9, '1975-10-02', '00:23:39', '2023-03-03 05:29:58', '2023-03-03 05:29:58'),
(817, 'Okto Anggriawan', 'DKI Jakarta', '0484 7966 8728', 4, '2009-03-11', '16:27:22', '2023-03-03 05:29:58', '2023-03-03 05:29:58'),
(818, 'Prima Iswahyudi', 'Sulawesi Selatan', '0772 6797 8182', 10, '2004-01-03', '02:45:43', '2023-03-03 05:29:58', '2023-03-03 05:29:58'),
(819, 'Ophelia Prastuti', 'Riau', '(+62) 451 3278 386', 7, '2003-10-23', '11:48:39', '2023-03-03 05:29:58', '2023-03-03 05:29:58'),
(820, 'Galur Saptono', 'Sumatera Utara', '027 0586 3649', 9, '1995-07-08', '01:40:01', '2023-03-03 05:29:58', '2023-03-03 05:29:58'),
(821, 'Jaeman Pradipta', 'Kepulauan Bangka Belitung', '(+62) 622 8697 796', 5, '1992-09-07', '20:31:26', '2023-03-03 05:29:58', '2023-03-03 05:29:58'),
(822, 'Ibun Tarihoran S.Gz', 'Nusa Tenggara Barat', '(+62) 869 1985 279', 9, '1999-01-19', '00:50:11', '2023-03-03 05:29:58', '2023-03-03 05:29:58'),
(823, 'Kasiran Sitorus', 'Sumatera Selatan', '(+62) 418 8012 8096', 7, '1992-06-07', '18:27:41', '2023-03-03 05:29:58', '2023-03-03 05:29:58'),
(824, 'Xanana Darmaji Pratama M.M.', 'Kepulauan Riau', '0529 4081 457', 2, '2011-09-01', '22:13:24', '2023-03-03 05:29:58', '2023-03-03 05:29:58'),
(825, 'Farhunnisa Hariyah', 'DI Yogyakarta', '(+62) 915 0461 1321', 1, '1979-03-29', '09:24:52', '2023-03-03 05:29:58', '2023-03-03 05:29:58'),
(826, 'Nyoman Kusumo', 'Jawa Tengah', '0567 3677 885', 10, '1974-10-02', '17:09:21', '2023-03-03 05:29:58', '2023-03-03 05:29:58'),
(827, 'Elma Rahmawati', 'Kepulauan Bangka Belitung', '(+62) 517 0485 141', 8, '2022-02-03', '14:56:00', '2023-03-03 05:29:58', '2023-03-03 05:29:58'),
(828, 'Gara Bakianto Marbun M.Kom.', 'Riau', '(+62) 793 4160 056', 6, '1970-05-22', '19:27:33', '2023-03-03 05:29:58', '2023-03-03 05:29:58'),
(829, 'Ana Endah Hartati M.Kom.', 'Sulawesi Utara', '0808 0034 9494', 4, '1993-08-09', '15:04:51', '2023-03-03 05:29:58', '2023-03-03 05:29:58'),
(830, 'Bancar Prakasa', 'Maluku Utara', '(+62) 933 9945 3136', 7, '1991-09-07', '06:13:11', '2023-03-03 05:29:58', '2023-03-03 05:29:58'),
(831, 'Anggabaya Narpati', 'Sulawesi Tenggara', '0867 452 516', 1, '1995-03-04', '23:35:50', '2023-03-03 05:29:58', '2023-03-03 05:29:58'),
(832, 'Elon Zulkarnain', 'Bali', '(+62) 476 6113 2632', 7, '2012-12-02', '03:22:25', '2023-03-03 05:29:58', '2023-03-03 05:29:58'),
(833, 'Zalindra Nuraini', 'Sumatera Barat', '(+62) 726 9762 5872', 2, '1989-07-22', '07:40:38', '2023-03-03 05:29:58', '2023-03-03 05:29:58'),
(834, 'Hardi Raihan Pranowo S.I.Kom', 'Kepulauan Bangka Belitung', '0770 6396 9081', 3, '2019-12-12', '03:57:24', '2023-03-03 05:29:58', '2023-03-03 05:29:58'),
(835, 'Zulaikha Riyanti', 'Kalimantan Barat', '(+62) 528 4125 8689', 8, '1986-01-29', '05:10:35', '2023-03-03 05:29:58', '2023-03-03 05:29:58'),
(836, 'Ellis Purnawati M.Ak', 'Jambi', '(+62) 451 2326 8021', 9, '2020-11-03', '16:22:49', '2023-03-03 05:29:58', '2023-03-03 05:29:58'),
(837, 'Nabila Namaga S.E.', 'Kepulauan Bangka Belitung', '023 0874 8116', 3, '1971-07-01', '12:16:42', '2023-03-03 05:29:58', '2023-03-03 05:29:58'),
(838, 'Amelia Lailasari', 'Sulawesi Selatan', '(+62) 944 5384 3970', 6, '2012-07-27', '02:39:12', '2023-03-03 05:29:58', '2023-03-03 05:29:58'),
(839, 'Jaya Dabukke S.Pd', 'DKI Jakarta', '0563 1705 0010', 7, '1990-06-13', '14:43:24', '2023-03-03 05:29:58', '2023-03-03 05:29:58'),
(840, 'Aditya Nababan', 'Sulawesi Tenggara', '0807 8791 1050', 10, '1982-02-18', '14:23:52', '2023-03-03 05:29:58', '2023-03-03 05:29:58'),
(841, 'Martani Cayadi Natsir S.Farm', 'Kalimantan Tengah', '(+62) 895 6740 6706', 7, '2003-01-06', '16:46:32', '2023-03-03 05:29:58', '2023-03-03 05:29:58'),
(842, 'Jasmin Dinda Hariyah', 'Jawa Barat', '(+62) 826 1713 9401', 5, '1996-08-30', '08:12:20', '2023-03-03 05:29:58', '2023-03-03 05:29:58'),
(843, 'Daryani Irwan Hutasoit S.Psi', 'Kepulauan Riau', '0616 6582 673', 1, '2008-06-05', '13:58:28', '2023-03-03 05:29:58', '2023-03-03 05:29:58'),
(844, 'Padmi Violet Puspita M.TI.', 'Aceh', '021 3770 1271', 4, '1974-10-24', '07:41:09', '2023-03-03 05:29:58', '2023-03-03 05:29:58'),
(845, 'Aris Balangga Budiyanto', 'Kalimantan Utara', '0271 1677 1277', 9, '1991-07-31', '03:21:48', '2023-03-03 05:29:58', '2023-03-03 05:29:58'),
(846, 'Dirja Cagak Prasetyo', 'Kalimantan Utara', '0985 2933 974', 9, '1990-01-01', '10:28:51', '2023-03-03 05:29:58', '2023-03-03 05:29:58'),
(847, 'Lidya Mandasari', 'DI Yogyakarta', '0626 9142 126', 7, '2009-03-08', '12:13:45', '2023-03-03 05:29:58', '2023-03-03 05:29:58'),
(848, 'Tami Wijayanti S.Ked', 'Banten', '0905 4680 634', 1, '1986-11-24', '11:16:56', '2023-03-03 05:29:58', '2023-03-03 05:29:58'),
(849, 'Bakianto Permadi S.Pt', 'Riau', '0889 0148 118', 6, '1996-05-04', '00:34:31', '2023-03-03 05:29:58', '2023-03-03 05:29:58'),
(850, 'Calista Haryanti', 'DI Yogyakarta', '0571 3302 951', 10, '1991-06-24', '05:44:24', '2023-03-03 05:29:58', '2023-03-03 05:29:58'),
(851, 'Anita Yuni Safitri', 'Sumatera Selatan', '0515 1458 094', 3, '2010-07-31', '04:25:17', '2023-03-03 05:29:58', '2023-03-03 05:29:58'),
(852, 'Dinda Oktaviani S.Sos', 'Kalimantan Barat', '(+62) 206 8687 5549', 7, '2011-03-07', '14:51:10', '2023-03-03 05:29:58', '2023-03-03 05:29:58'),
(853, 'Slamet Pranata Hakim', 'Sumatera Utara', '0230 8098 747', 4, '1991-05-20', '13:02:34', '2023-03-03 05:29:58', '2023-03-03 05:29:58'),
(854, 'Zizi Sudiati M.Kom.', 'Nusa Tenggara Barat', '(+62) 583 8845 042', 6, '2006-06-21', '01:59:57', '2023-03-03 05:29:58', '2023-03-03 05:29:58'),
(855, 'Ani Yuliarti', 'Sulawesi Barat', '(+62) 800 564 455', 3, '2012-06-16', '17:49:12', '2023-03-03 05:29:58', '2023-03-03 05:29:58'),
(856, 'Nabila Utami', 'Papua', '(+62) 794 0374 1628', 5, '2013-05-29', '10:10:28', '2023-03-03 05:29:58', '2023-03-03 05:29:58'),
(857, 'Ajiono Ardianto', 'Jambi', '024 8633 3411', 8, '1999-01-18', '10:42:08', '2023-03-03 05:29:58', '2023-03-03 05:29:58'),
(858, 'Rahmi Wastuti S.Pd', 'Jambi', '(+62) 353 3541 657', 8, '1982-07-27', '05:10:09', '2023-03-03 05:29:58', '2023-03-03 05:29:58'),
(859, 'Lanjar Natsir', 'Sulawesi Tengah', '(+62) 926 0099 505', 10, '1979-12-31', '09:27:08', '2023-03-03 05:29:58', '2023-03-03 05:29:58'),
(860, 'Titin Haryanti', 'Kalimantan Timur', '0865 9853 1580', 2, '2001-06-26', '00:34:04', '2023-03-03 05:29:58', '2023-03-03 05:29:58'),
(861, 'Janet Anggraini S.Kom', 'Maluku', '(+62) 22 4182 541', 2, '1987-05-02', '17:07:52', '2023-03-03 05:29:58', '2023-03-03 05:29:58'),
(862, 'Perkasa Mustofa', 'Sulawesi Barat', '(+62) 848 2700 002', 4, '2004-06-30', '11:10:49', '2023-03-03 05:29:58', '2023-03-03 05:29:58'),
(863, 'Ana Yuliana Namaga', 'Jambi', '0896 4683 0994', 5, '1997-04-08', '04:41:07', '2023-03-03 05:29:58', '2023-03-03 05:29:58'),
(864, 'Najam Waluyo S.Pt', 'Jawa Barat', '0474 5987 777', 5, '2000-11-06', '15:24:19', '2023-03-03 05:29:58', '2023-03-03 05:29:58'),
(865, 'Paramita Ophelia Lailasari', 'Gorontalo', '0641 9521 262', 6, '1972-06-19', '02:18:37', '2023-03-03 05:29:58', '2023-03-03 05:29:58'),
(866, 'Marwata Tampubolon', 'Jambi', '0693 7613 484', 8, '2021-10-05', '14:51:44', '2023-03-03 05:29:58', '2023-03-03 05:29:58'),
(867, 'Hartana Harto Kurniawan S.E.I', 'Aceh', '(+62) 866 2016 381', 2, '1992-06-04', '04:14:43', '2023-03-03 05:29:58', '2023-03-03 05:29:58'),
(868, 'Lidya Prastuti', 'Jawa Tengah', '0708 1684 9812', 3, '1983-04-09', '18:39:13', '2023-03-03 05:29:58', '2023-03-03 05:29:58'),
(869, 'Ade Mangunsong M.Kom.', 'Jambi', '0269 3797 895', 3, '1978-09-20', '01:54:15', '2023-03-03 05:29:58', '2023-03-03 05:29:58'),
(870, 'Tira Wahyuni', 'DKI Jakarta', '0336 0538 3457', 4, '2016-11-26', '08:06:49', '2023-03-03 05:29:58', '2023-03-03 05:29:58'),
(871, 'Gara Rajata', 'DI Yogyakarta', '021 0608 6958', 2, '1974-04-20', '08:29:51', '2023-03-03 05:29:58', '2023-03-03 05:29:58'),
(872, 'Ganda Gatot Prakasa', 'Jawa Timur', '(+62) 660 8563 024', 1, '2018-07-06', '16:53:00', '2023-03-03 05:29:58', '2023-03-03 05:29:58'),
(873, 'Laila Rahmi Mardhiyah M.Farm', 'Jawa Barat', '(+62) 670 2722 695', 7, '2012-03-30', '04:51:01', '2023-03-03 05:29:58', '2023-03-03 05:29:58'),
(874, 'Jaeman Marpaung', 'Kalimantan Selatan', '(+62) 854 1787 701', 8, '1981-03-28', '06:50:45', '2023-03-03 05:29:58', '2023-03-03 05:29:58'),
(875, 'Kamila Kiandra Haryanti', 'Sulawesi Barat', '(+62) 904 5707 316', 3, '1984-05-18', '20:59:10', '2023-03-03 05:29:58', '2023-03-03 05:29:58'),
(876, 'Humaira Hassanah M.M.', 'Maluku Utara', '(+62) 242 3969 2732', 3, '1970-01-03', '13:17:44', '2023-03-03 05:29:58', '2023-03-03 05:29:58'),
(877, 'Pangestu Napitupulu', 'Kepulauan Riau', '0801 306 924', 7, '2000-05-09', '08:56:12', '2023-03-03 05:29:58', '2023-03-03 05:29:58'),
(878, 'Julia Haryanti', 'Papua Barat', '0490 2619 694', 8, '1979-02-02', '09:54:43', '2023-03-03 05:29:58', '2023-03-03 05:29:58'),
(879, 'Najib Natsir', 'DKI Jakarta', '(+62) 27 8191 976', 7, '2005-02-13', '03:43:39', '2023-03-03 05:29:58', '2023-03-03 05:29:58'),
(880, 'Prayitna Najmudin M.M.', 'Jawa Tengah', '0614 5024 2466', 7, '1988-06-09', '14:51:07', '2023-03-03 05:29:58', '2023-03-03 05:29:58'),
(881, 'Oskar Sinaga', 'Gorontalo', '0593 0637 139', 3, '1984-12-28', '14:52:06', '2023-03-03 05:29:58', '2023-03-03 05:29:58'),
(882, 'Wahyu Suryono', 'Nusa Tenggara Timur', '026 6894 024', 10, '1971-10-15', '08:17:25', '2023-03-03 05:29:58', '2023-03-03 05:29:58'),
(883, 'Tiara Aisyah Melani M.Ak', 'Lampung', '0725 7541 3722', 1, '2005-12-24', '05:30:48', '2023-03-03 05:29:58', '2023-03-03 05:29:58'),
(884, 'Jefri Setiawan', 'Sulawesi Selatan', '0467 1970 485', 4, '1976-11-08', '03:46:08', '2023-03-03 05:29:58', '2023-03-03 05:29:58'),
(885, 'Jaeman Mustofa S.E.', 'Kepulauan Bangka Belitung', '(+62) 863 693 204', 7, '1980-05-09', '15:46:36', '2023-03-03 05:29:58', '2023-03-03 05:29:58'),
(886, 'Rafid Teddy Marpaung', 'Maluku', '0533 0755 703', 9, '1973-01-11', '12:52:22', '2023-03-03 05:29:58', '2023-03-03 05:29:58'),
(887, 'Prabu Haryanto', 'Jawa Tengah', '023 8148 238', 8, '1982-10-27', '08:36:33', '2023-03-03 05:29:58', '2023-03-03 05:29:58'),
(888, 'Kamal Pangestu', 'Bali', '0455 1935 644', 10, '1977-05-17', '06:03:07', '2023-03-03 05:29:58', '2023-03-03 05:29:58'),
(889, 'Paramita Safina Utami', 'Jawa Tengah', '0850 3118 1474', 5, '1979-11-16', '20:00:30', '2023-03-03 05:29:58', '2023-03-03 05:29:58'),
(890, 'Koko Ganep Rajasa S.Sos', 'Riau', '(+62) 953 8986 4896', 9, '2021-10-03', '08:18:05', '2023-03-03 05:29:58', '2023-03-03 05:29:58'),
(891, 'Zahra Uyainah M.Ak', 'Sulawesi Barat', '(+62) 341 8890 657', 5, '2013-02-19', '02:30:16', '2023-03-03 05:29:58', '2023-03-03 05:29:58'),
(892, 'Banara Pratama', 'Bali', '(+62) 884 5908 076', 9, '2006-12-14', '08:29:46', '2023-03-03 05:29:58', '2023-03-03 05:29:58'),
(893, 'Clara Hartati', 'DI Yogyakarta', '029 0731 4746', 3, '2013-12-31', '19:46:18', '2023-03-03 05:29:58', '2023-03-03 05:29:58'),
(894, 'Nasim Prabowo', 'Sumatera Utara', '0956 3931 452', 7, '2003-08-24', '20:08:51', '2023-03-03 05:29:58', '2023-03-03 05:29:58'),
(895, 'Suci Gilda Yuniar', 'Papua', '(+62) 21 5387 5955', 9, '2000-03-08', '19:23:57', '2023-03-03 05:29:58', '2023-03-03 05:29:58'),
(896, 'Hasim Habibi', 'Jawa Timur', '(+62) 734 1449 020', 9, '1993-09-04', '15:55:02', '2023-03-03 05:29:58', '2023-03-03 05:29:58'),
(897, 'Baktianto Nainggolan S.IP', 'Jambi', '(+62) 300 5097 724', 6, '1973-10-12', '04:00:46', '2023-03-03 05:29:58', '2023-03-03 05:29:58'),
(898, 'Viktor Edi Setiawan S.T.', 'Kalimantan Timur', '(+62) 853 028 827', 2, '1992-08-30', '23:35:00', '2023-03-03 05:29:58', '2023-03-03 05:29:58'),
(899, 'Tari Handayani', 'Papua Barat', '025 9550 7145', 2, '1996-01-05', '08:54:09', '2023-03-03 05:29:58', '2023-03-03 05:29:58'),
(900, 'Ratna Vicky Zulaika M.Kom.', 'Aceh', '(+62) 716 6580 228', 5, '1997-04-10', '15:06:57', '2023-03-03 05:29:58', '2023-03-03 05:29:58'),
(901, 'Okto Wacana', 'Papua Barat', '0719 3763 0451', 2, '2009-06-08', '13:14:14', '2023-03-03 05:29:58', '2023-03-03 05:29:58'),
(902, 'Winda Yuliarti', 'Jambi', '0840 6622 658', 8, '2017-03-27', '07:44:54', '2023-03-03 05:29:58', '2023-03-03 05:29:58'),
(903, 'Betania Rahmawati', 'DI Yogyakarta', '(+62) 203 2569 797', 2, '2020-06-25', '01:27:06', '2023-03-03 05:29:58', '2023-03-03 05:29:58'),
(904, 'Malika Padmasari', 'Riau', '0266 6930 499', 3, '2020-10-19', '07:45:30', '2023-03-03 05:29:58', '2023-03-03 05:29:58'),
(905, 'Intan Dewi Pertiwi', 'Sumatera Selatan', '0543 4398 3581', 5, '1979-09-25', '03:56:23', '2023-03-03 05:29:58', '2023-03-03 05:29:58'),
(906, 'Sari Widiastuti', 'Kepulauan Riau', '(+62) 729 2278 2333', 5, '1999-09-14', '01:03:00', '2023-03-03 05:29:58', '2023-03-03 05:29:58'),
(907, 'Hartaka Sitompul S.T.', 'Jawa Barat', '(+62) 794 6799 272', 3, '2021-01-13', '23:14:37', '2023-03-03 05:29:58', '2023-03-03 05:29:58'),
(908, 'Taufan Darmana Sirait S.Kom', 'Nusa Tenggara Barat', '0961 3864 357', 1, '1988-07-23', '19:20:14', '2023-03-03 05:29:58', '2023-03-03 05:29:58'),
(909, 'Laksana Gunawan', 'Sulawesi Tenggara', '026 7595 863', 9, '2005-05-26', '02:01:53', '2023-03-03 05:29:58', '2023-03-03 05:29:58'),
(910, 'Kayla Yulianti', 'Jawa Timur', '0256 9767 6914', 8, '1997-04-09', '00:12:01', '2023-03-03 05:29:58', '2023-03-03 05:29:58'),
(911, 'Salsabila Astuti', 'Riau', '(+62) 330 3125 494', 1, '1979-04-17', '09:27:12', '2023-03-03 05:29:58', '2023-03-03 05:29:58'),
(912, 'Najam Habibi', 'Jawa Barat', '0234 8505 8569', 1, '1982-02-11', '02:52:15', '2023-03-03 05:29:58', '2023-03-03 05:29:58'),
(913, 'Fitriani Wulan Puspita', 'Maluku Utara', '(+62) 299 8207 233', 3, '1977-03-14', '11:13:09', '2023-03-03 05:29:58', '2023-03-03 05:29:58'),
(914, 'Puti Maryati', 'Sumatera Barat', '0513 0329 8194', 10, '1985-05-20', '11:40:51', '2023-03-03 05:29:58', '2023-03-03 05:29:58'),
(915, 'Baktianto Adriansyah S.Pt', 'Riau', '0499 1572 4609', 4, '1977-08-29', '08:06:40', '2023-03-03 05:29:58', '2023-03-03 05:29:58'),
(916, 'Bagya Waskita', 'Jambi', '(+62) 513 7493 324', 9, '2013-07-22', '14:21:37', '2023-03-03 05:29:58', '2023-03-03 05:29:58'),
(917, 'Umi Hasanah S.Kom', 'Kalimantan Tengah', '0934 9685 414', 6, '1973-05-04', '06:48:37', '2023-03-03 05:29:58', '2023-03-03 05:29:58'),
(918, 'Sadina Nabila Hariyah', 'Aceh', '(+62) 458 0949 6945', 7, '2017-05-16', '06:16:24', '2023-03-03 05:29:58', '2023-03-03 05:29:58'),
(919, 'Melinda Syahrini Suartini S.Ked', 'Kalimantan Barat', '0846 222 272', 9, '2021-01-11', '10:54:08', '2023-03-03 05:29:58', '2023-03-03 05:29:58'),
(920, 'Gasti Yulianti', 'Gorontalo', '0247 2863 2554', 7, '1981-03-13', '14:46:21', '2023-03-03 05:29:58', '2023-03-03 05:29:58'),
(921, 'Lurhur Koko Hidayanto', 'Kalimantan Utara', '0571 4378 3134', 10, '1979-05-07', '05:01:25', '2023-03-03 05:29:58', '2023-03-03 05:29:58'),
(922, 'Nurul Andriani', 'Sumatera Utara', '0642 0783 944', 5, '2003-05-17', '19:03:42', '2023-03-03 05:29:58', '2023-03-03 05:29:58'),
(923, 'Wardi Mangunsong', 'Kalimantan Utara', '0579 3980 2323', 1, '1994-07-12', '13:03:33', '2023-03-03 05:29:58', '2023-03-03 05:29:58'),
(924, 'Legawa Cahya Wasita M.Ak', 'Riau', '0724 2239 7745', 8, '1998-12-03', '01:52:05', '2023-03-03 05:29:58', '2023-03-03 05:29:58'),
(925, 'Septi Rahimah', 'Nusa Tenggara Timur', '0896 4910 858', 6, '1988-02-05', '03:15:28', '2023-03-03 05:29:58', '2023-03-03 05:29:58'),
(926, 'Mila Mardhiyah', 'Sulawesi Barat', '0638 4357 8901', 2, '1996-05-14', '08:39:32', '2023-03-03 05:29:58', '2023-03-03 05:29:58'),
(927, 'Anastasia Andriani', 'Aceh', '0430 6519 9028', 1, '1989-01-24', '09:38:18', '2023-03-03 05:29:58', '2023-03-03 05:29:58'),
(928, 'Yani Usamah S.IP', 'Kalimantan Barat', '0822 8923 978', 1, '1995-02-04', '15:10:15', '2023-03-03 05:29:58', '2023-03-03 05:29:58'),
(929, 'Karna Maheswara', 'Jawa Timur', '0346 2852 6474', 6, '2004-06-03', '18:57:35', '2023-03-03 05:29:58', '2023-03-03 05:29:58'),
(930, 'Limar Haryanto', 'Sulawesi Tenggara', '0795 6102 903', 5, '1989-03-08', '22:11:15', '2023-03-03 05:29:58', '2023-03-03 05:29:58'),
(931, 'Ifa Malika Mulyani', 'Lampung', '(+62) 20 3672 030', 8, '1999-07-01', '04:18:48', '2023-03-03 05:29:58', '2023-03-03 05:29:58'),
(932, 'Aris Budi Manullang', 'Sulawesi Utara', '(+62) 746 4648 0530', 5, '1978-10-08', '22:27:00', '2023-03-03 05:29:58', '2023-03-03 05:29:58'),
(933, 'Dacin Ardianto', 'Sulawesi Utara', '(+62) 862 509 044', 3, '1975-07-06', '23:11:23', '2023-03-03 05:29:58', '2023-03-03 05:29:58'),
(934, 'Vera Novitasari', 'DKI Jakarta', '0958 6495 443', 4, '1984-05-06', '08:57:43', '2023-03-03 05:29:58', '2023-03-03 05:29:58'),
(935, 'Paulin Septi Safitri', 'DKI Jakarta', '(+62) 595 7757 4190', 2, '1973-05-09', '20:18:03', '2023-03-03 05:29:58', '2023-03-03 05:29:58'),
(936, 'Jarwi Gilang Wacana', 'Riau', '0203 5911 567', 3, '2014-09-21', '04:35:34', '2023-03-03 05:29:58', '2023-03-03 05:29:58'),
(937, 'Wakiman Gunarto', 'Sulawesi Tengah', '(+62) 375 9002 892', 9, '2011-08-05', '07:10:39', '2023-03-03 05:29:58', '2023-03-03 05:29:58'),
(938, 'Abyasa Dongoran', 'Riau', '(+62) 445 6316 2652', 9, '2006-12-17', '16:28:38', '2023-03-03 05:29:58', '2023-03-03 05:29:58'),
(939, 'Carub Hidayat S.H.', 'Bengkulu', '0399 6229 5932', 4, '2007-09-17', '17:47:16', '2023-03-03 05:29:58', '2023-03-03 05:29:58'),
(940, 'Luthfi Chandra Widodo', 'Bengkulu', '020 0827 6266', 9, '1987-12-07', '22:58:59', '2023-03-03 05:29:58', '2023-03-03 05:29:58'),
(941, 'Lembah Harsana Narpati', 'Jawa Barat', '(+62) 229 0050 9638', 1, '2022-09-10', '21:00:08', '2023-03-03 05:29:58', '2023-03-03 05:29:58'),
(942, 'Karimah Halimah', 'Kepulauan Bangka Belitung', '(+62) 923 7809 6212', 7, '1976-08-15', '13:57:41', '2023-03-03 05:29:58', '2023-03-03 05:29:58'),
(943, 'Kamaria Palastri', 'Gorontalo', '(+62) 374 1833 8976', 8, '1979-10-02', '02:51:16', '2023-03-03 05:29:58', '2023-03-03 05:29:58'),
(944, 'Fitria Shakila Yuniar', 'DI Yogyakarta', '0473 3988 474', 2, '2013-07-16', '19:31:53', '2023-03-03 05:29:58', '2023-03-03 05:29:58'),
(945, 'Oliva Mardhiyah', 'Sumatera Utara', '(+62) 639 4470 2831', 9, '2014-04-15', '02:15:48', '2023-03-03 05:29:58', '2023-03-03 05:29:58'),
(946, 'Dipa Firgantoro', 'Sumatera Utara', '(+62) 768 8418 1125', 6, '2000-04-17', '06:48:54', '2023-03-03 05:29:58', '2023-03-03 05:29:58'),
(947, 'Lukman Yono Wacana M.Kom.', 'Jawa Barat', '(+62) 683 0112 059', 4, '1985-10-28', '22:03:30', '2023-03-03 05:29:58', '2023-03-03 05:29:58'),
(948, 'Salsabila Namaga', 'Maluku Utara', '(+62) 27 6591 963', 1, '2021-12-14', '11:08:31', '2023-03-03 05:29:58', '2023-03-03 05:29:58'),
(949, 'Edison Murti Kurniawan M.Farm', 'Sulawesi Tenggara', '0262 9562 0028', 9, '2001-03-02', '00:17:39', '2023-03-03 05:29:58', '2023-03-03 05:29:58'),
(950, 'Jelita Agustina', 'Banten', '(+62) 865 7105 0283', 8, '1997-06-15', '20:10:16', '2023-03-03 05:29:58', '2023-03-03 05:29:58'),
(951, 'Cinthia Suryatmi', 'Sumatera Utara', '(+62) 845 5954 3995', 4, '2016-04-29', '05:14:20', '2023-03-03 05:29:58', '2023-03-03 05:29:58'),
(952, 'Gangsa Permadi', 'Kalimantan Barat', '(+62) 473 9639 4624', 4, '2007-03-22', '17:22:42', '2023-03-03 05:29:58', '2023-03-03 05:29:58'),
(953, 'Cici Zulaikha Nasyidah M.Pd', 'Kepulauan Bangka Belitung', '(+62) 860 5114 087', 6, '1997-12-14', '09:32:32', '2023-03-03 05:29:58', '2023-03-03 05:29:58'),
(954, 'Gatot Prayoga', 'Banten', '0706 8020 4850', 7, '1972-11-24', '16:43:02', '2023-03-03 05:29:58', '2023-03-03 05:29:58'),
(955, 'Warta Mahendra', 'Nusa Tenggara Barat', '(+62) 634 8608 5978', 8, '2020-12-13', '23:15:50', '2023-03-03 05:29:58', '2023-03-03 05:29:58'),
(956, 'Rudi Cemplunk Mahendra S.Gz', 'Papua Barat', '(+62) 959 7280 809', 7, '1984-10-20', '19:33:10', '2023-03-03 05:29:58', '2023-03-03 05:29:58'),
(957, 'Hartaka Edi Tampubolon S.E.I', 'Papua', '0947 7239 5785', 9, '2013-09-24', '18:42:44', '2023-03-03 05:29:58', '2023-03-03 05:29:58'),
(958, 'Carla Lestari', 'Sumatera Barat', '(+62) 345 4862 994', 10, '2002-12-16', '10:31:37', '2023-03-03 05:29:58', '2023-03-03 05:29:58'),
(959, 'Yuliana Halimah', 'DI Yogyakarta', '0612 2058 9378', 10, '1989-03-20', '09:12:03', '2023-03-03 05:29:58', '2023-03-03 05:29:58'),
(960, 'Belinda Paris Kuswandari', 'Sulawesi Utara', '(+62) 406 3702 784', 7, '1979-01-22', '10:08:24', '2023-03-03 05:29:58', '2023-03-03 05:29:58'),
(961, 'Prima Eluh Iswahyudi M.TI.', 'Sulawesi Barat', '(+62) 27 7502 951', 7, '1992-08-22', '11:15:05', '2023-03-03 05:29:58', '2023-03-03 05:29:58'),
(962, 'Rusman Simanjuntak', 'Kalimantan Tengah', '0290 5508 490', 3, '2020-05-19', '19:28:18', '2023-03-03 05:29:58', '2023-03-03 05:29:58'),
(963, 'Queen Calista Rahimah', 'Sulawesi Barat', '(+62) 883 1973 248', 6, '1994-09-29', '20:58:31', '2023-03-03 05:29:58', '2023-03-03 05:29:58'),
(964, 'Mahmud Eman Iswahyudi', 'Maluku Utara', '0345 3444 0120', 7, '1986-02-23', '02:22:23', '2023-03-03 05:29:58', '2023-03-03 05:29:58'),
(965, 'Cengkir Mumpuni Pradana S.Gz', 'Gorontalo', '(+62) 203 8212 9622', 2, '2022-12-01', '21:48:29', '2023-03-03 05:29:58', '2023-03-03 05:29:58'),
(966, 'Septi Icha Purnawati', 'Kalimantan Tengah', '0282 2097 937', 2, '1971-12-11', '21:59:38', '2023-03-03 05:29:58', '2023-03-03 05:29:58'),
(967, 'Eka Hutagalung', 'Papua', '0410 7420 863', 1, '1989-12-18', '12:14:29', '2023-03-03 05:29:58', '2023-03-03 05:29:58'),
(968, 'Darimin Sirait M.Pd', 'Lampung', '(+62) 562 6119 189', 2, '1970-09-29', '01:44:09', '2023-03-03 05:29:58', '2023-03-03 05:29:58'),
(969, 'Erik Saefullah', 'Nusa Tenggara Barat', '0272 8393 3686', 6, '2002-08-04', '20:28:53', '2023-03-03 05:29:58', '2023-03-03 05:29:58'),
(970, 'Rahayu Mayasari S.T.', 'Papua', '(+62) 260 9589 5364', 5, '1984-05-07', '23:16:35', '2023-03-03 05:29:58', '2023-03-03 05:29:58'),
(971, 'Padma Nasyiah S.I.Kom', 'Kalimantan Barat', '(+62) 359 7429 0714', 7, '1977-03-31', '00:24:57', '2023-03-03 05:29:58', '2023-03-03 05:29:58'),
(972, 'Fathonah Najwa Wijayanti S.Sos', 'Papua', '0256 5327 587', 10, '2008-05-11', '09:52:54', '2023-03-03 05:29:58', '2023-03-03 05:29:58'),
(973, 'Dalima Novitasari M.Farm', 'Kalimantan Tengah', '0228 5671 801', 8, '2018-12-30', '18:50:59', '2023-03-03 05:29:58', '2023-03-03 05:29:58'),
(974, 'Samiah Riyanti S.T.', 'Sulawesi Tenggara', '(+62) 22 7893 437', 4, '2002-10-25', '00:07:39', '2023-03-03 05:29:58', '2023-03-03 05:29:58'),
(975, 'Panji Marpaung S.Gz', 'Sulawesi Utara', '0768 7457 0303', 1, '2005-01-02', '23:48:27', '2023-03-03 05:29:58', '2023-03-03 05:29:58'),
(976, 'Nasim Gambira Nababan M.Farm', 'Sulawesi Utara', '0749 8239 2469', 9, '2018-08-10', '18:52:22', '2023-03-03 05:29:58', '2023-03-03 05:29:58'),
(977, 'Dian Mulyani', 'Jawa Tengah', '(+62) 28 4073 8010', 2, '2013-12-03', '07:30:37', '2023-03-03 05:29:58', '2023-03-03 05:29:58'),
(978, 'Vanesa Wulan Palastri M.M.', 'Sumatera Barat', '0662 3902 487', 5, '2015-02-28', '19:53:01', '2023-03-03 05:29:59', '2023-03-03 05:29:59'),
(979, 'Sari Mulyani', 'Sulawesi Selatan', '0640 6464 927', 5, '1985-08-21', '08:01:34', '2023-03-03 05:29:59', '2023-03-03 05:29:59'),
(980, 'Saiful Gunawan S.E.I', 'Aceh', '(+62) 309 9210 8389', 3, '1971-12-30', '21:15:33', '2023-03-03 05:29:59', '2023-03-03 05:29:59'),
(981, 'Gatot Maheswara S.Gz', 'Kalimantan Barat', '020 2614 1788', 9, '1982-11-27', '03:17:59', '2023-03-03 05:29:59', '2023-03-03 05:29:59'),
(982, 'Kayla Aryani', 'Sumatera Utara', '(+62) 813 4150 053', 4, '1975-05-01', '10:15:26', '2023-03-03 05:29:59', '2023-03-03 05:29:59'),
(983, 'Gina Mulyani', 'Sulawesi Barat', '(+62) 963 8971 634', 4, '1979-11-23', '13:52:55', '2023-03-03 05:29:59', '2023-03-03 05:29:59'),
(984, 'Karimah Dalima Haryanti', 'Kalimantan Utara', '(+62) 398 6000 885', 4, '1998-06-24', '16:03:31', '2023-03-03 05:29:59', '2023-03-03 05:29:59'),
(985, 'Sakura Anggraini', 'Lampung', '(+62) 362 5647 474', 10, '2007-03-26', '07:36:52', '2023-03-03 05:29:59', '2023-03-03 05:29:59'),
(986, 'Margana Sinaga', 'Kalimantan Barat', '0858 1617 4101', 4, '1989-07-17', '06:15:58', '2023-03-03 05:29:59', '2023-03-03 05:29:59'),
(987, 'Siska Riyanti', 'Kalimantan Utara', '0863 4245 235', 3, '1976-04-02', '23:52:45', '2023-03-03 05:29:59', '2023-03-03 05:29:59'),
(988, 'Jaswadi Zulkarnain', 'Jawa Timur', '0694 2872 5124', 2, '1979-01-08', '20:02:39', '2023-03-03 05:29:59', '2023-03-03 05:29:59'),
(989, 'Ratih Karen Purnawati M.TI.', 'Papua', '(+62) 253 4732 601', 3, '1976-01-14', '12:27:57', '2023-03-03 05:29:59', '2023-03-03 05:29:59'),
(990, 'Zelda Najwa Novitasari', 'Kalimantan Utara', '0210 4006 651', 7, '1970-10-08', '13:54:12', '2023-03-03 05:29:59', '2023-03-03 05:29:59'),
(991, 'Restu Safitri', 'Banten', '(+62) 787 4570 0620', 10, '1991-09-02', '18:05:56', '2023-03-03 05:29:59', '2023-03-03 05:29:59'),
(992, 'Cici Halimah S.IP', 'Papua', '(+62) 997 8330 790', 3, '1995-03-28', '07:15:22', '2023-03-03 05:29:59', '2023-03-03 05:29:59'),
(993, 'Salimah Astuti', 'Aceh', '0748 5132 5334', 3, '1974-12-10', '14:41:15', '2023-03-03 05:29:59', '2023-03-03 05:29:59'),
(994, 'Lalita Purwanti', 'Sulawesi Tenggara', '(+62) 208 4837 7587', 1, '1996-10-04', '22:56:09', '2023-03-03 05:29:59', '2023-03-03 05:29:59'),
(995, 'Gandi Pranowo', 'Kalimantan Selatan', '(+62) 849 2692 7618', 5, '2002-05-10', '19:56:20', '2023-03-03 05:29:59', '2023-03-03 05:29:59'),
(996, 'Lutfan Aswani Sihombing S.Kom', 'Lampung', '0677 4340 103', 5, '2019-09-24', '07:49:14', '2023-03-03 05:29:59', '2023-03-03 05:29:59'),
(997, 'Hamima Gawati Kuswandari', 'Kalimantan Timur', '(+62) 537 7093 574', 9, '2003-03-19', '23:04:08', '2023-03-03 05:29:59', '2023-03-03 05:29:59'),
(998, 'Pangeran Leo Kusumo', 'Kalimantan Utara', '(+62) 858 2442 327', 8, '2010-11-28', '06:29:06', '2023-03-03 05:29:59', '2023-03-03 05:29:59'),
(999, 'Siti Ciaobella Hassanah S.T.', 'Kalimantan Utara', '025 9587 2352', 9, '1981-01-08', '12:59:36', '2023-03-03 05:29:59', '2023-03-03 05:29:59'),
(1000, 'Yulia Rahayu', 'Maluku', '0418 0783 8958', 10, '2009-12-09', '06:56:25', '2023-03-03 05:29:59', '2023-03-03 05:29:59'),
(1001, 'asdas', 'dad', '1234', 5, '2023-03-03', '21:51:00', '2023-03-03 07:51:13', '2023-03-03 07:51:13'),
(1002, 'asd', 'asd', '123123', 4, '2023-03-22', '22:14:00', '2023-03-03 08:14:08', '2023-03-03 08:14:08'),
(1004, 'asd', 'ads', '02198120938', 6, '2023-03-21', '22:19:00', '2023-03-03 08:20:29', '2023-03-03 08:20:29'),
(1005, 'dasjdkb', 'asdasd', '02198120938', 5, '2023-03-27', '22:25:00', '2023-03-03 08:25:51', '2023-03-03 08:25:51'),
(1007, 'DASD', 'ASDASD', '02198120938', 3, '2023-03-26', '22:45:00', '2023-03-03 08:45:59', '2023-03-03 08:45:59'),
(1009, 'asdsad', 'adsad', '2121321', 6, '2023-04-02', '22:48:00', '2023-03-03 08:48:11', '2023-03-03 08:48:11'),
(1010, 'asdasd', '21312', '2131231', 9, '2023-04-04', '16:48:00', '2023-03-03 08:48:29', '2023-03-03 08:48:29'),
(1012, 'dasjdkb', '12313', '02198120938', 5, '2023-04-01', '15:57:00', '2023-03-03 08:57:16', '2023-03-03 08:57:16'),
(1013, 'asdasd', 'sadasd', '02198120938', 4, '2023-04-07', '23:03:00', '2023-03-03 09:00:53', '2023-03-03 09:00:53'),
(1014, 'dasd', 'asdsad', '21421', 5, '2023-04-05', '23:08:00', '2023-03-03 09:03:47', '2023-03-03 09:03:47');

-- --------------------------------------------------------

--
-- Table structure for table `users`
--

CREATE TABLE `users` (
  `id` bigint(20) UNSIGNED NOT NULL,
  `name` varchar(255) NOT NULL,
  `email` varchar(255) NOT NULL,
  `role_id` bigint(20) UNSIGNED NOT NULL,
  `email_verified_at` timestamp NULL DEFAULT NULL,
  `password` varchar(255) NOT NULL,
  `remember_token` varchar(100) DEFAULT NULL,
  `created_at` timestamp NULL DEFAULT NULL,
  `updated_at` timestamp NULL DEFAULT NULL
) ENGINE=InnoDB DEFAULT CHARSET=utf8mb4 COLLATE=utf8mb4_unicode_ci;

--
-- Dumping data for table `users`
--

INSERT INTO `users` (`id`, `name`, `email`, `role_id`, `email_verified_at`, `password`, `remember_token`, `created_at`, `updated_at`) VALUES
(1, 'Dartono Sinaga', 'admin@gmail.com', 1, '2023-02-28 10:32:50', '$2y$10$92IXUNpkjO0rOQ5byMi.Ye4oKoEa3Ro9llC/.og/at2.uheWG/igi', '2G1DiShc5KSG7S7Yhokh2Qk7IXdmerMRCJDcNkeCNSHwIQeqsXs15eeLXemr', '2023-02-28 10:32:50', '2023-02-28 10:32:50');

--
-- Indexes for dumped tables
--

--
-- Indexes for table `events`
--
ALTER TABLE `events`
  ADD PRIMARY KEY (`id`);

--
-- Indexes for table `failed_jobs`
--
ALTER TABLE `failed_jobs`
  ADD PRIMARY KEY (`id`),
  ADD UNIQUE KEY `failed_jobs_uuid_unique` (`uuid`);

--
-- Indexes for table `migrations`
--
ALTER TABLE `migrations`
  ADD PRIMARY KEY (`id`);

--
-- Indexes for table `password_resets`
--
ALTER TABLE `password_resets`
  ADD PRIMARY KEY (`email`);

--
-- Indexes for table `personal_access_tokens`
--
ALTER TABLE `personal_access_tokens`
  ADD PRIMARY KEY (`id`),
  ADD UNIQUE KEY `personal_access_tokens_token_unique` (`token`),
  ADD KEY `personal_access_tokens_tokenable_type_tokenable_id_index` (`tokenable_type`,`tokenable_id`);

--
-- Indexes for table `roles`
--
ALTER TABLE `roles`
  ADD PRIMARY KEY (`id`);

--
-- Indexes for table `tamus`
--
ALTER TABLE `tamus`
  ADD PRIMARY KEY (`id`),
  ADD UNIQUE KEY `tamus_tanggal_unique` (`tanggal`),
  ADD KEY `tamus_event_id_foreign` (`event_id`);

--
-- Indexes for table `users`
--
ALTER TABLE `users`
  ADD PRIMARY KEY (`id`),
  ADD UNIQUE KEY `users_email_unique` (`email`),
  ADD KEY `users_role_id_foreign` (`role_id`);

--
-- AUTO_INCREMENT for dumped tables
--

--
-- AUTO_INCREMENT for table `events`
--
ALTER TABLE `events`
  MODIFY `id` bigint(20) UNSIGNED NOT NULL AUTO_INCREMENT, AUTO_INCREMENT=11;

--
-- AUTO_INCREMENT for table `failed_jobs`
--
ALTER TABLE `failed_jobs`
  MODIFY `id` bigint(20) UNSIGNED NOT NULL AUTO_INCREMENT;

--
-- AUTO_INCREMENT for table `migrations`
--
ALTER TABLE `migrations`
  MODIFY `id` int(10) UNSIGNED NOT NULL AUTO_INCREMENT, AUTO_INCREMENT=39;

--
-- AUTO_INCREMENT for table `personal_access_tokens`
--
ALTER TABLE `personal_access_tokens`
  MODIFY `id` bigint(20) UNSIGNED NOT NULL AUTO_INCREMENT;

--
-- AUTO_INCREMENT for table `roles`
--
ALTER TABLE `roles`
  MODIFY `id` bigint(20) UNSIGNED NOT NULL AUTO_INCREMENT, AUTO_INCREMENT=2;

--
-- AUTO_INCREMENT for table `tamus`
--
ALTER TABLE `tamus`
  MODIFY `id` bigint(20) UNSIGNED NOT NULL AUTO_INCREMENT, AUTO_INCREMENT=1015;

--
-- AUTO_INCREMENT for table `users`
--
ALTER TABLE `users`
  MODIFY `id` bigint(20) UNSIGNED NOT NULL AUTO_INCREMENT, AUTO_INCREMENT=2;

--
-- Constraints for dumped tables
--

--
-- Constraints for table `tamus`
--
ALTER TABLE `tamus`
  ADD CONSTRAINT `tamus_event_id_foreign` FOREIGN KEY (`event_id`) REFERENCES `events` (`id`);

--
-- Constraints for table `users`
--
ALTER TABLE `users`
  ADD CONSTRAINT `users_role_id_foreign` FOREIGN KEY (`role_id`) REFERENCES `roles` (`id`);
COMMIT;

/*!40101 SET CHARACTER_SET_CLIENT=@OLD_CHARACTER_SET_CLIENT */;
/*!40101 SET CHARACTER_SET_RESULTS=@OLD_CHARACTER_SET_RESULTS */;
/*!40101 SET COLLATION_CONNECTION=@OLD_COLLATION_CONNECTION */;
